old_url,new_url,status,reason
https://oztimberfloor.com.au/about/,https://oztimberfloor.com.au/about.html,200,WordPress to static migration
https://oztimberfloor.com.au/bamboo-flooring-sydney/,https://oztimberfloor.com.au/bamboo-flooring-sydney.html,200,WordPress to static migration
https://oztimberfloor.com.au/builder-flooring-contractor-sydney/,https://oztimberfloor.com.au/builder-flooring-contractor-sydney.html,200,WordPress to static migration
https://oztimberfloor.com.au/commercial-flooring-sydney/,https://oztimberfloor.com.au/commercial-flooring-sydney.html,200,WordPress to static migration
https://oztimberfloor.com.au/contact/,https://oztimberfloor.com.au/contact.html,200,WordPress to static migration
https://oztimberfloor.com.au/engineered-timber-flooring-sydney/,https://oztimberfloor.com.au/engineered-timber-flooring-sydney.html,200,WordPress to static migration
https://oztimberfloor.com.au/faqs/,https://oztimberfloor.com.au/faqs.html,200,WordPress to static migration
https://oztimberfloor.com.au/floor-levelling-sydney/,https://oztimberfloor.com.au/floor-levelling-sydney.html,200,WordPress to static migration
https://oztimberfloor.com.au/guides/,https://oztimberfloor.com.au/guides.html,200,WordPress to static migration
https://oztimberfloor.com.au/hybrid-flooring-supplier-sydney/,https://oztimberfloor.com.au/hybrid-flooring-supplier-sydney.html,200,WordPress to static migration
https://oztimberfloor.com.au/hybrid-flooring-sydney/,https://oztimberfloor.com.au/hybrid-flooring-sydney.html,200,WordPress to static migration
https://oztimberfloor.com.au/laminate-flooring-sydney/,https://oztimberfloor.com.au/laminate-flooring-sydney.html,200,WordPress to static migration
https://oztimberfloor.com.au/office-flooring-sydney/,https://oztimberfloor.com.au/office-flooring-sydney.html,200,WordPress to static migration
https://oztimberfloor.com.au/products/,https://oztimberfloor.com.au/products.html,200,WordPress to static migration
https://oztimberfloor.com.au/projects/,https://oztimberfloor.com.au/projects.html,200,WordPress to static migration
https://oztimberfloor.com.au/services/,https://oztimberfloor.com.au/services.html,200,WordPress to static migration
https://oztimberfloor.com.au/solid-timber-flooring-sydney/,https://oztimberfloor.com.au/solid-timber-flooring-sydney.html,200,WordPress to static migration
https://oztimberfloor.com.au/timber-floor-removal-and-stripping-sydney/,https://oztimberfloor.com.au/timber-floor-removal-and-stripping-sydney.html,200,WordPress to static migration
https://oztimberfloor.com.au/timber-floor-sanding-and-polishing-sydney/,https://oztimberfloor.com.au/timber-floor-sanding-and-polishing-sydney.html,200,WordPress to static migration
https://oztimberfloor.com.au/timber-flooring-installation-sydney/,https://oztimberfloor.com.au/timber-flooring-installation-sydney.html,200,WordPress to static migration
https://oztimberfloor.com.au/timber-flooring-supplier-sydney/,https://oztimberfloor.com.au/timber-flooring-supplier-sydney.html,200,WordPress to static migration
https://oztimberfloor.com.au/vinyl-flooring-sydney/,https://oztimberfloor.com.au/vinyl-flooring-sydney.html,200,WordPress to static migration
https://oztimberfloor.com.au/about-us/,https://oztimberfloor.com.au/about/,301,WordPress to static migration
https://oztimberfloor.com.au/services/,https://oztimberfloor.com.au/services/,301,WordPress to static migration
https://oztimberfloor.com.au/contact-us/,https://oztimberfloor.com.au/contact/,301,WordPress to static migration
https://oztimberfloor.com.au/timber-floor-installation/,https://oztimberfloor.com.au/timber-flooring-installation-sydney/,301,WordPress to static migration
https://oztimberfloor.com.au/floor-levelling/,https://oztimberfloor.com.au/floor-levelling-sydney/,301,WordPress to static migration
https://oztimberfloor.com.au/commercial-flooring/,https://oztimberfloor.com.au/commercial-flooring-sydney/,301,WordPress to static migration
https://oztimberfloor.com.au/169-2/,https://oztimberfloor.com.au/commercial-flooring-sydney/,301,WordPress to static migration
https://oztimberfloor.com.au/office-flooring/,https://oztimberfloor.com.au/office-flooring-sydney/,301,WordPress to static migration
https://oztimberfloor.com.au/timber-floor-sanding-and-polishing/,https://oztimberfloor.com.au/timber-floor-sanding-and-polishing-sydney/,301,WordPress to static migration
https://oztimberfloor.com.au/timber-floor-removal-and-stripping/,https://oztimberfloor.com.au/timber-floor-removal-and-stripping-sydney/,301,WordPress to static migration
https://oztimberfloor.com.au/laminate/,https://oztimberfloor.com.au/laminate-flooring-sydney/,301,WordPress to static migration
https://oztimberfloor.com.au/hybrid/,https://oztimberfloor.com.au/hybrid-flooring-sydney/,301,WordPress to static migration
https://oztimberfloor.com.au/engineered-timber-flooring/,https://oztimberfloor.com.au/engineered-timber-flooring-sydney/,301,WordPress to static migration
https://oztimberfloor.com.au/manufactured-wood/,https://oztimberfloor.com.au/engineered-timber-flooring-sydney/,301,WordPress to static migration
https://oztimberfloor.com.au/solid-timber/,https://oztimberfloor.com.au/solid-timber-flooring-sydney/,301,WordPress to static migration
https://oztimberfloor.com.au/vinyl/,https://oztimberfloor.com.au/vinyl-flooring-sydney/,301,WordPress to static migration
https://oztimberfloor.com.au/bamboo/,https://oztimberfloor.com.au/bamboo-flooring-sydney/,301,WordPress to static migration
https://oztimberfloor.com.au/blogs/,https://oztimberfloor.com.au/guides/,301,WordPress to static migration
https://oztimberfloor.com.au/faqs/,https://oztimberfloor.com.au/faqs/,301,WordPress to static migration
https://oztimberfloor.com.au/gallery/,https://oztimberfloor.com.au/projects/,301,WordPress to static migration
https://oztimberfloor.com.au/shop/,https://oztimberfloor.com.au/products/,301,WordPress to static migration
https://oztimberfloor.com.au/innovakitchens/,https://oztimberfloor.com.au/404.html,410,WordPress to static migration
https://oztimberfloor.com.au/stonewood/,https://oztimberfloor.com.au/ranges/stonewood/,301,WordPress to static migration
https://oztimberfloor.com.au/swish-oak/,https://oztimberfloor.com.au/ranges/swish-oak/,301,WordPress to static migration
https://oztimberfloor.com.au/pronto/,https://oztimberfloor.com.au/ranges/pronto/,301,WordPress to static migration
https://oztimberfloor.com.au/raw-timber/,https://oztimberfloor.com.au/ranges/raw-timber/,301,WordPress to static migration
https://oztimberfloor.com.au/swish-aquastop-2/,https://oztimberfloor.com.au/ranges/swish-aquastop/,301,WordPress to static migration
https://oztimberfloor.com.au/swish-laminate-2/,https://oztimberfloor.com.au/ranges/swish-laminate/,301,WordPress to static migration
https://oztimberfloor.com.au/verdura/,https://oztimberfloor.com.au/ranges/verdura/,301,WordPress to static migration
https://oztimberfloor.com.au/promotions/,https://oztimberfloor.com.au/products/,301,WordPress to static migration
https://oztimberfloor.com.au/sitemap/,https://oztimberfloor.com.au/sitemap.xml,301,WordPress to static migration
https://oztimberfloor.com.au/oak-flooring-sydney/,https://oztimberfloor.com.au/ranges/oak-flooring-sydney/,301,WordPress to static migration
https://oztimberfloor.com.au/reflections-laminate/,https://oztimberfloor.com.au/ranges/reflections-laminate/,301,WordPress to static migration
https://oztimberfloor.com.au/villeroy-boch-aquastop/,https://oztimberfloor.com.au/ranges/villeroy-boch-aquastop/,301,WordPress to static migration
https://oztimberfloor.com.au/aspire-hybrid/,https://oztimberfloor.com.au/ranges/aspire-hybrid/,301,WordPress to static migration
https://oztimberfloor.com.au/grand-oak/,https://oztimberfloor.com.au/ranges/grand-oak/,301,WordPress to static migration
https://oztimberfloor.com.au/kronoswiss-aquastop/,https://oztimberfloor.com.au/ranges/kronoswiss-aquastop/,301,WordPress to static migration
https://oztimberfloor.com.au/luxury-hybrid/,https://oztimberfloor.com.au/ranges/luxury-hybrid/,301,WordPress to static migration
https://oztimberfloor.com.au/oakleaf-laminate/,https://oztimberfloor.com.au/ranges/oakleaf-laminate/,301,WordPress to static migration
https://oztimberfloor.com.au/ornato-hybrid/,https://oztimberfloor.com.au/ranges/ornato-hybrid/,301,WordPress to static migration
https://oztimberfloor.com.au/preference-classic/,https://oztimberfloor.com.au/ranges/preference-classic-laminate/,301,WordPress to static migration
https://oztimberfloor.com.au/prestige-oak/,https://oztimberfloor.com.au/ranges/prestige-oak/,301,WordPress to static migration
https://oztimberfloor.com.au/select-australian-timber/,https://oztimberfloor.com.au/ranges/select-australian-timber/,301,WordPress to static migration
https://oztimberfloor.com.au/why-a-hardwood-timber-floor-will-never-be-out-of-style/,https://oztimberfloor.com.au/guides/why-a-hardwood-timber-floor-will-never-be-out-of-style/,301,WordPress to static migration
https://oztimberfloor.com.au/laying-the-foundations-right-why-floor-levelling-matters-for-your-timber-flooring/,https://oztimberfloor.com.au/guides/laying-the-foundations-right-why-floor-levelling-matters-for-your-timber-flooring/,301,WordPress to static migration
https://oztimberfloor.com.au/5-tell-tale-signs-engineered-timber-flooring-is-right-for-your-property/,https://oztimberfloor.com.au/guides/5-tell-tale-signs-engineered-timber-flooring-is-right-for-your-property/,301,WordPress to static migration
https://oztimberfloor.com.au/the-5-questions-to-ask-your-timber-floor-installer-in-sydney/,https://oztimberfloor.com.au/guides/the-5-questions-to-ask-your-timber-floor-installer-in-sydney/,301,WordPress to static migration
https://oztimberfloor.com.au/your-guide-for-choosing-a-reliable-sydney-timber-flooring-provider/,https://oztimberfloor.com.au/guides/your-guide-for-choosing-a-reliable-sydney-timber-flooring-provider/,301,WordPress to static migration
https://oztimberfloor.com.au/3-services-timber-floor-installers-in-sydney-can-do-for-you/,https://oztimberfloor.com.au/guides/3-services-timber-floor-installers-in-sydney-can-do-for-you/,301,WordPress to static migration
https://oztimberfloor.com.au/common-questions-we-get-as-hybrid-floor-installers-in-sydney/,https://oztimberfloor.com.au/guides/common-questions-we-get-as-hybrid-floor-installers-in-sydney/,301,WordPress to static migration
https://oztimberfloor.com.au/hire-over-diy/,https://oztimberfloor.com.au/guides/hire-over-diy/,301,WordPress to static migration
https://oztimberfloor.com.au/3-reasons-why-modern-homes-use-engineered-oak-flooring-in-sydney/,https://oztimberfloor.com.au/guides/3-reasons-why-modern-homes-use-engineered-oak-flooring-in-sydney/,301,WordPress to static migration
https://oztimberfloor.com.au/solid-timber-flooring-vs-engineered-flooring-which-one-is-right-for-you/,https://oztimberfloor.com.au/guides/solid-timber-flooring-vs-engineered-flooring-which-one-is-right-for-you/,301,WordPress to static migration
https://oztimberfloor.com.au/how-hybrid-timber-flooring-performs-in-sydney-apartments/,https://oztimberfloor.com.au/guides/how-hybrid-timber-flooring-performs-in-sydney-apartments/,301,WordPress to static migration
https://oztimberfloor.com.au/when-to-restore-replace-or-extend-existing-solid-timber-floors/,https://oztimberfloor.com.au/guides/when-to-restore-replace-or-extend-existing-solid-timber-floors/,301,WordPress to static migration
https://oztimberfloor.com.au/local-supply-installation-and-custom-finish-options-for-commercial-timber-flooring/,https://oztimberfloor.com.au/guides/local-supply-installation-and-custom-finish-options-for-commercial-timber-flooring/,301,WordPress to static migration
https://oztimberfloor.com.au/choosing-office-flooring-durability-design-performance/,https://oztimberfloor.com.au/guides/choosing-office-flooring-durability-design-performance/,301,WordPress to static migration
https://oztimberfloor.com.au/professional-commercial-flooring-installation-what-to-expect/,https://oztimberfloor.com.au/guides/professional-commercial-flooring-installation-what-to-expect/,301,WordPress to static migration
https://oztimberfloor.com.au/why-commercial-timber-flooring-is-the-right-choice-for-high-end-spaces/,https://oztimberfloor.com.au/guides/why-commercial-timber-flooring-is-the-right-choice-for-high-end-spaces/,301,WordPress to static migration
https://oztimberfloor.com.au/why-hardwood-timber-flooring-is-a-good-investment/,https://oztimberfloor.com.au/guides/why-hardwood-timber-flooring-is-a-good-investment/,301,WordPress to static migration
https://oztimberfloor.com.au/commercial-timber-flooring-specialist-sydney-builders-designers/,https://oztimberfloor.com.au/guides/commercial-timber-flooring-specialist-sydney-builders-designers/,301,WordPress to static migration
https://oztimberfloor.com.au/guide-to-choosing-the-right-vinyl-timber-flooring/,https://oztimberfloor.com.au/guides/guide-to-choosing-the-right-vinyl-timber-flooring/,301,WordPress to static migration
https://oztimberfloor.com.au/commercial-timber-flooring-high-traffic-spaces-sydney/,https://oztimberfloor.com.au/guides/commercial-timber-flooring-high-traffic-spaces-sydney/,301,WordPress to static migration
https://oztimberfloor.com.au/product-category/uncategorized/,https://oztimberfloor.com.au/404.html,410,WordPress uncategorized archive removed
https://oztimberfloor.com.au/product-category/hybrid/artisan-hybrid-tile/,https://oztimberfloor.com.au/ranges/artisan-hybrid-tile/,301,WordPress to static migration
https://oztimberfloor.com.au/product-category/engineered-timber/artisan-oak/,https://oztimberfloor.com.au/ranges/artisan-oak/,301,WordPress to static migration
https://oztimberfloor.com.au/product-category/hybrid/aspire-classic-width/,https://oztimberfloor.com.au/ranges/aspire-classic-width/,301,WordPress to static migration
https://oztimberfloor.com.au/product-category/hybrid/aspire-super-width/,https://oztimberfloor.com.au/ranges/aspire-super-width/,301,WordPress to static migration
https://oztimberfloor.com.au/product-category/solid-timber/australian-raw-hardwood-timber/,https://oztimberfloor.com.au/ranges/australian-raw-hardwood-timber/,301,WordPress to static migration
https://oztimberfloor.com.au/product-category/bamboo/,https://oztimberfloor.com.au/bamboo-flooring-sydney/,301,WordPress to static migration
https://oztimberfloor.com.au/product-category/hybrid/easi-plank/,https://oztimberfloor.com.au/ranges/easi-plank/,301,WordPress to static migration
https://oztimberfloor.com.au/product-category/engineered-timber/,https://oztimberfloor.com.au/engineered-timber-flooring-sydney/,301,WordPress to static migration
https://oztimberfloor.com.au/product-category/hybrid/etf-hybrid-spc-9mm/,https://oztimberfloor.com.au/ranges/etf-hybrid-spc-9mm/,301,WordPress to static migration
https://oztimberfloor.com.au/product-category/engineered-timber/grand-oak-14-5mm/,https://oztimberfloor.com.au/ranges/grand-oak-14-5mm/,301,WordPress to static migration
https://oztimberfloor.com.au/product-category/engineered-timber/grand-oak/,https://oztimberfloor.com.au/ranges/grand-oak/,301,WordPress to static migration
https://oztimberfloor.com.au/product-category/hybrid/,https://oztimberfloor.com.au/hybrid-flooring-sydney/,301,WordPress to static migration
https://oztimberfloor.com.au/product-category/hybrid/hydroplank-wpc/,https://oztimberfloor.com.au/ranges/hydroplank-wpc/,301,WordPress to static migration
https://oztimberfloor.com.au/product-category/laminate/infinite-laminate/,https://oztimberfloor.com.au/ranges/infinite-laminate/,301,WordPress to static migration
https://oztimberfloor.com.au/product-category/laminate/kronoswiss-aquastop-laminate-12mm/,https://oztimberfloor.com.au/ranges/kronoswiss-aquastop-laminate-12mm/,301,WordPress to static migration
https://oztimberfloor.com.au/product-category/laminate/kronoswiss-aquastop-laminate-14mm/,https://oztimberfloor.com.au/ranges/kronoswiss-aquastop-laminate-14mm/,301,WordPress to static migration
https://oztimberfloor.com.au/product-category/laminate/kronoswiss-aquastop-laminate-8mm/,https://oztimberfloor.com.au/ranges/kronoswiss-aquastop-laminate-8mm/,301,WordPress to static migration
https://oztimberfloor.com.au/product-category/laminate/,https://oztimberfloor.com.au/laminate-flooring-sydney/,301,WordPress to static migration
https://oztimberfloor.com.au/product-category/hybrid/luxury-hybrid/,https://oztimberfloor.com.au/ranges/luxury-hybrid/,301,WordPress to static migration
https://oztimberfloor.com.au/product-category/laminate/oakleaf-laminate/,https://oztimberfloor.com.au/ranges/oakleaf-laminate/,301,WordPress to static migration
https://oztimberfloor.com.au/product-category/hybrid/ornato-hybrid/,https://oztimberfloor.com.au/ranges/ornato-hybrid/,301,WordPress to static migration
https://oztimberfloor.com.au/product-category/vinyl/ornato-vinyl/,https://oztimberfloor.com.au/ranges/ornato-vinyl/,301,WordPress to static migration
https://oztimberfloor.com.au/product-category/laminate/preference-classic-laminate/,https://oztimberfloor.com.au/ranges/preference-classic-laminate/,301,WordPress to static migration
https://oztimberfloor.com.au/product-category/engineered-timber/preference-fiddleback/,https://oztimberfloor.com.au/ranges/preference-fiddleback/,301,WordPress to static migration
https://oztimberfloor.com.au/product-category/engineered-timber/preference-select-australian-timber/,https://oztimberfloor.com.au/ranges/preference-select-australian-timber/,301,WordPress to static migration
https://oztimberfloor.com.au/product-category/engineered-timber/prestige-oak-15mm/,https://oztimberfloor.com.au/ranges/prestige-oak-15mm/,301,WordPress to static migration
https://oztimberfloor.com.au/product-category/engineered-timber/prestige-oak-21mm/,https://oztimberfloor.com.au/ranges/prestige-oak-21mm/,301,WordPress to static migration
https://oztimberfloor.com.au/product-category/engineered-timber/pronto-engineered-oak/,https://oztimberfloor.com.au/ranges/pronto-engineered-oak/,301,WordPress to static migration
https://oztimberfloor.com.au/product-category/laminate/reflections-laminate/,https://oztimberfloor.com.au/ranges/reflections-laminate/,301,WordPress to static migration
https://oztimberfloor.com.au/product-category/solid-timber/,https://oztimberfloor.com.au/solid-timber-flooring-sydney/,301,WordPress to static migration
https://oztimberfloor.com.au/product-category/hybrid/stone-floor-marble/,https://oztimberfloor.com.au/ranges/stone-floor-marble/,301,WordPress to static migration
https://oztimberfloor.com.au/product-category/hybrid/stone-floor-tile/,https://oztimberfloor.com.au/ranges/stone-floor-tile/,301,WordPress to static migration
https://oztimberfloor.com.au/product-category/hybrid/stone-floor-timber/,https://oztimberfloor.com.au/ranges/stone-floor-timber/,301,WordPress to static migration
https://oztimberfloor.com.au/product-category/bamboo/stonewood-bamboo/,https://oztimberfloor.com.au/ranges/stonewood-bamboo/,301,WordPress to static migration
https://oztimberfloor.com.au/product-category/hybrid/storm-luxury-hybrid-planks/,https://oztimberfloor.com.au/ranges/storm-luxury-hybrid-planks/,301,WordPress to static migration
https://oztimberfloor.com.au/product-category/laminate/swish-aquastop-laminate/,https://oztimberfloor.com.au/ranges/swish-aquastop-laminate/,301,WordPress to static migration
https://oztimberfloor.com.au/product-category/laminate/swish-laminate/,https://oztimberfloor.com.au/ranges/swish-laminate/,301,WordPress to static migration
https://oztimberfloor.com.au/product-category/engineered-timber/swish-oak/,https://oztimberfloor.com.au/ranges/swish-oak/,301,WordPress to static migration
https://oztimberfloor.com.au/product-category/solid-timber/topdeck-pre-finished-solid-timber/,https://oztimberfloor.com.au/ranges/topdeck-pre-finished-solid-timber/,301,WordPress to static migration
https://oztimberfloor.com.au/product-category/bamboo/verdura-bamboo/,https://oztimberfloor.com.au/ranges/verdura-bamboo/,301,WordPress to static migration
https://oztimberfloor.com.au/product-category/laminate/villeroy-boch-aquastop-10mm/,https://oztimberfloor.com.au/ranges/villeroy-boch-aquastop-10mm/,301,WordPress to static migration
https://oztimberfloor.com.au/product-category/laminate/villeroy-boch-aquastop-12mm/,https://oztimberfloor.com.au/ranges/villeroy-boch-aquastop-12mm/,301,WordPress to static migration
https://oztimberfloor.com.au/product-category/laminate/villeroy-boch-aquastop-8mm/,https://oztimberfloor.com.au/ranges/villeroy-boch-aquastop-8mm/,301,WordPress to static migration
https://oztimberfloor.com.au/product-category/vinyl/,https://oztimberfloor.com.au/vinyl-flooring-sydney/,301,WordPress to static migration
https://oztimberfloor.com.au/product/preference-fiddleback-blackbutt-semi-gloss/,https://oztimberfloor.com.au/products/preference-fiddleback-blackbutt-semi-gloss/,301,WordPress to static migration
https://oztimberfloor.com.au/product/preference-fiddleback-spotted-gum-smooth-semi-gloss/,https://oztimberfloor.com.au/products/preference-fiddleback-spotted-gum-smooth-semi-gloss/,301,WordPress to static migration
https://oztimberfloor.com.au/product/preference-fiddleback-spotted-gum-brush-matte/,https://oztimberfloor.com.au/products/preference-fiddleback-spotted-gum-brush-matte/,301,WordPress to static migration
https://oztimberfloor.com.au/product/preference-fiddleback-backbutt-smooth-10-matte/,https://oztimberfloor.com.au/products/preference-fiddleback-backbutt-smooth-10-matte/,301,WordPress to static migration
https://oztimberfloor.com.au/product/preference-fiddleback-spotted-gum-smooth-10-matte/,https://oztimberfloor.com.au/products/preference-fiddleback-spotted-gum-smooth-10-matte/,301,WordPress to static migration
https://oztimberfloor.com.au/product/preference-fiddleback-blackbutt-brushed-matte/,https://oztimberfloor.com.au/products/preference-fiddleback-blackbutt-brushed-matte/,301,WordPress to static migration
https://oztimberfloor.com.au/product/villeroy-boch-aquastop-valley-oak/,https://oztimberfloor.com.au/products/villeroy-boch-aquastop-valley-oak/,301,WordPress to static migration
https://oztimberfloor.com.au/product/villeroy-boch-aquastop-shefilled-oak/,https://oztimberfloor.com.au/products/villeroy-boch-aquastop-shefilled-oak/,301,WordPress to static migration
https://oztimberfloor.com.au/product/villeroy-boch-aquastop-stone-oak/,https://oztimberfloor.com.au/products/villeroy-boch-aquastop-stone-oak/,301,WordPress to static migration
https://oztimberfloor.com.au/product/villeroy-boch-aquastop-sand-oak/,https://oztimberfloor.com.au/products/villeroy-boch-aquastop-sand-oak/,301,WordPress to static migration
https://oztimberfloor.com.au/product/villeroy-boch-aquastop-meadow-teak/,https://oztimberfloor.com.au/products/villeroy-boch-aquastop-meadow-teak/,301,WordPress to static migration
https://oztimberfloor.com.au/product/villeroy-boch-aquastop-castle-oak/,https://oztimberfloor.com.au/products/villeroy-boch-aquastop-castle-oak/,301,WordPress to static migration
https://oztimberfloor.com.au/product/villeroy-boch-aquastop-straight-oak/,https://oztimberfloor.com.au/products/villeroy-boch-aquastop-straight-oak/,301,WordPress to static migration
https://oztimberfloor.com.au/product/villeroy-boch-aquastop-present-chestnut/,https://oztimberfloor.com.au/products/villeroy-boch-aquastop-present-chestnut/,301,WordPress to static migration
https://oztimberfloor.com.au/product/villeroy-boch-aquastop-pearl-oak/,https://oztimberfloor.com.au/products/villeroy-boch-aquastop-pearl-oak/,301,WordPress to static migration
https://oztimberfloor.com.au/product/villeroy-boch-aquastop-london-oak/,https://oztimberfloor.com.au/products/villeroy-boch-aquastop-london-oak/,301,WordPress to static migration
https://oztimberfloor.com.au/product/villeroy-boch-aquastop-loft-oak/,https://oztimberfloor.com.au/products/villeroy-boch-aquastop-loft-oak/,301,WordPress to static migration
https://oztimberfloor.com.au/product/villeroy-boch-aquastop-flowing-oak/,https://oztimberfloor.com.au/products/villeroy-boch-aquastop-flowing-oak/,301,WordPress to static migration
https://oztimberfloor.com.au/product/villeroy-boch-aquastop-current-oak/,https://oztimberfloor.com.au/products/villeroy-boch-aquastop-current-oak/,301,WordPress to static migration
https://oztimberfloor.com.au/product/villeroy-boch-aquastop-brixton-oak/,https://oztimberfloor.com.au/products/villeroy-boch-aquastop-brixton-oak/,301,WordPress to static migration
https://oztimberfloor.com.au/product/villeroy-boch-aquastop-bradford-oak/,https://oztimberfloor.com.au/products/villeroy-boch-aquastop-bradford-oak/,301,WordPress to static migration
https://oztimberfloor.com.au/product/villeroy-boch-aquastop-beltimore-oak/,https://oztimberfloor.com.au/products/villeroy-boch-aquastop-beltimore-oak/,301,WordPress to static migration
https://oztimberfloor.com.au/product/villeroy-boch-aquastop-pure-elm/,https://oztimberfloor.com.au/products/villeroy-boch-aquastop-pure-elm/,301,WordPress to static migration
https://oztimberfloor.com.au/product/villeroy-boch-aquastop-royal-teak/,https://oztimberfloor.com.au/products/villeroy-boch-aquastop-royal-teak/,301,WordPress to static migration
https://oztimberfloor.com.au/product/villeroy-boch-aquastop-wellness-oak/,https://oztimberfloor.com.au/products/villeroy-boch-aquastop-wellness-oak/,301,WordPress to static migration
https://oztimberfloor.com.au/product/villeroy-boch-aquastop-titan-pine/,https://oztimberfloor.com.au/products/villeroy-boch-aquastop-titan-pine/,301,WordPress to static migration
https://oztimberfloor.com.au/product/villeroy-boch-aquastop-white-oak/,https://oztimberfloor.com.au/products/villeroy-boch-aquastop-white-oak/,301,WordPress to static migration
https://oztimberfloor.com.au/product/aspire-qld-spotted-gum/,https://oztimberfloor.com.au/products/aspire-qld-spotted-gum/,301,WordPress to static migration
https://oztimberfloor.com.au/product/aspire-nsw-spotted-gum/,https://oztimberfloor.com.au/products/aspire-nsw-spotted-gum/,301,WordPress to static migration
https://oztimberfloor.com.au/product/aspire-new-england-blackbutt/,https://oztimberfloor.com.au/products/aspire-new-england-blackbutt/,301,WordPress to static migration
https://oztimberfloor.com.au/product/aspire-coastal-blackbutt/,https://oztimberfloor.com.au/products/aspire-coastal-blackbutt/,301,WordPress to static migration
https://oztimberfloor.com.au/product/aspire-warm-spring/,https://oztimberfloor.com.au/products/aspire-warm-spring/,301,WordPress to static migration
https://oztimberfloor.com.au/product/aspire-twilight-mist/,https://oztimberfloor.com.au/products/aspire-twilight-mist/,301,WordPress to static migration
https://oztimberfloor.com.au/product/aspire-tumbleweed/,https://oztimberfloor.com.au/products/aspire-tumbleweed/,301,WordPress to static migration
https://oztimberfloor.com.au/product/aspire-tempest/,https://oztimberfloor.com.au/products/aspire-tempest/,301,WordPress to static migration
https://oztimberfloor.com.au/product/aspire-silver-moon/,https://oztimberfloor.com.au/products/aspire-silver-moon/,301,WordPress to static migration
https://oztimberfloor.com.au/product/aspire-pale-gorge/,https://oztimberfloor.com.au/products/aspire-pale-gorge/,301,WordPress to static migration
https://oztimberfloor.com.au/product/aspire-homstead/,https://oztimberfloor.com.au/products/aspire-homstead/,301,WordPress to static migration
https://oztimberfloor.com.au/product/aspire-crystal-lake/,https://oztimberfloor.com.au/products/aspire-crystal-lake/,301,WordPress to static migration
https://oztimberfloor.com.au/product/aspire-buckskin/,https://oztimberfloor.com.au/products/aspire-buckskin/,301,WordPress to static migration
https://oztimberfloor.com.au/product/aspire-barn-oak/,https://oztimberfloor.com.au/products/aspire-barn-oak/,301,WordPress to static migration
https://oztimberfloor.com.au/product/artisan-cotton-wood/,https://oztimberfloor.com.au/products/artisan-cotton-wood/,301,WordPress to static migration
https://oztimberfloor.com.au/product/artisan-biarritz/,https://oztimberfloor.com.au/products/artisan-biarritz/,301,WordPress to static migration
https://oztimberfloor.com.au/product/artisan-chanterelle/,https://oztimberfloor.com.au/products/artisan-chanterelle/,301,WordPress to static migration
https://oztimberfloor.com.au/product/artisan-chantilly/,https://oztimberfloor.com.au/products/artisan-chantilly/,301,WordPress to static migration
https://oztimberfloor.com.au/product/artisan-naturalle/,https://oztimberfloor.com.au/products/artisan-naturalle/,301,WordPress to static migration
https://oztimberfloor.com.au/product/artisan-oxford-grey/,https://oztimberfloor.com.au/products/artisan-oxford-grey/,301,WordPress to static migration
https://oztimberfloor.com.au/product/artisan-provence/,https://oztimberfloor.com.au/products/artisan-provence/,301,WordPress to static migration
https://oztimberfloor.com.au/product/artisan-woodlands/,https://oztimberfloor.com.au/products/artisan-woodlands/,301,WordPress to static migration
https://oztimberfloor.com.au/product/artisan-natural-classic/,https://oztimberfloor.com.au/products/artisan-natural-classic/,301,WordPress to static migration
https://oztimberfloor.com.au/product/artisan-romandie/,https://oztimberfloor.com.au/products/artisan-romandie/,301,WordPress to static migration
https://oztimberfloor.com.au/product/artisan-montreux/,https://oztimberfloor.com.au/products/artisan-montreux/,301,WordPress to static migration
https://oztimberfloor.com.au/product/artisan-brittany-grey/,https://oztimberfloor.com.au/products/artisan-brittany-grey/,301,WordPress to static migration
https://oztimberfloor.com.au/product/preference-select-jarrah/,https://oztimberfloor.com.au/products/preference-select-jarrah/,301,WordPress to static migration
https://oztimberfloor.com.au/product/preference-select-sydney-blue-gum/,https://oztimberfloor.com.au/products/preference-select-sydney-blue-gum/,301,WordPress to static migration
https://oztimberfloor.com.au/product/preference-select-spotted-gum/,https://oztimberfloor.com.au/products/preference-select-spotted-gum/,301,WordPress to static migration
https://oztimberfloor.com.au/product/preference-select-blackbutt/,https://oztimberfloor.com.au/products/preference-select-blackbutt/,301,WordPress to static migration
https://oztimberfloor.com.au/product/luxury-hybrid-spotted-gum/,https://oztimberfloor.com.au/products/luxury-hybrid-spotted-gum/,301,WordPress to static migration
https://oztimberfloor.com.au/product/luxury-hybrid-vennice/,https://oztimberfloor.com.au/products/luxury-hybrid-vennice/,301,WordPress to static migration
https://oztimberfloor.com.au/product/luxury-hybrid-hamburg/,https://oztimberfloor.com.au/products/luxury-hybrid-hamburg/,301,WordPress to static migration
https://oztimberfloor.com.au/product/luxury-hybrid-london/,https://oztimberfloor.com.au/products/luxury-hybrid-london/,301,WordPress to static migration
https://oztimberfloor.com.au/product/luxury-hybrid-madrio/,https://oztimberfloor.com.au/products/luxury-hybrid-madrio/,301,WordPress to static migration
https://oztimberfloor.com.au/product/luxury-hybrid-florence/,https://oztimberfloor.com.au/products/luxury-hybrid-florence/,301,WordPress to static migration
https://oztimberfloor.com.au/product/luxury-hybrid-moscow/,https://oztimberfloor.com.au/products/luxury-hybrid-moscow/,301,WordPress to static migration
https://oztimberfloor.com.au/product/luxury-hybrid-blackbutt/,https://oztimberfloor.com.au/products/luxury-hybrid-blackbutt/,301,WordPress to static migration
https://oztimberfloor.com.au/product/luxury-hybrid-oslo/,https://oztimberfloor.com.au/products/luxury-hybrid-oslo/,301,WordPress to static migration
https://oztimberfloor.com.au/product/luxury-hybrid-milan/,https://oztimberfloor.com.au/products/luxury-hybrid-milan/,301,WordPress to static migration
https://oztimberfloor.com.au/product/luxury-hybrid-munich/,https://oztimberfloor.com.au/products/luxury-hybrid-munich/,301,WordPress to static migration
https://oztimberfloor.com.au/product/luxury-hybrid-kande-oak/,https://oztimberfloor.com.au/products/luxury-hybrid-kande-oak/,301,WordPress to static migration
https://oztimberfloor.com.au/product/luxury-hybrid-vienna/,https://oztimberfloor.com.au/products/luxury-hybrid-vienna/,301,WordPress to static migration
https://oztimberfloor.com.au/product/luxury-hybrid-paris/,https://oztimberfloor.com.au/products/luxury-hybrid-paris/,301,WordPress to static migration
https://oztimberfloor.com.au/product/luxury-hybrid-athens/,https://oztimberfloor.com.au/products/luxury-hybrid-athens/,301,WordPress to static migration
https://oztimberfloor.com.au/product/luxury-hybrid-barcelona/,https://oztimberfloor.com.au/products/luxury-hybrid-barcelona/,301,WordPress to static migration
https://oztimberfloor.com.au/product/reflections-amulet/,https://oztimberfloor.com.au/products/reflections-amulet/,301,WordPress to static migration
https://oztimberfloor.com.au/product/reflections-corio/,https://oztimberfloor.com.au/products/reflections-corio/,301,WordPress to static migration
https://oztimberfloor.com.au/product/reflections-glazier/,https://oztimberfloor.com.au/products/reflections-glazier/,301,WordPress to static migration
https://oztimberfloor.com.au/product/reflections-merino/,https://oztimberfloor.com.au/products/reflections-merino/,301,WordPress to static migration
https://oztimberfloor.com.au/product/reflections-brushbox/,https://oztimberfloor.com.au/products/reflections-brushbox/,301,WordPress to static migration
https://oztimberfloor.com.au/product/reflections-woodlet/,https://oztimberfloor.com.au/products/reflections-woodlet/,301,WordPress to static migration
https://oztimberfloor.com.au/product/oakleaf-classic-oak/,https://oztimberfloor.com.au/products/oakleaf-classic-oak/,301,WordPress to static migration
https://oztimberfloor.com.au/product/oakleaf-limesmoke-oak/,https://oztimberfloor.com.au/products/oakleaf-limesmoke-oak/,301,WordPress to static migration
https://oztimberfloor.com.au/product/oakleaf-mystic-oak/,https://oztimberfloor.com.au/products/oakleaf-mystic-oak/,301,WordPress to static migration
https://oztimberfloor.com.au/product/oakleaf-ivory/,https://oztimberfloor.com.au/products/oakleaf-ivory/,301,WordPress to static migration
https://oztimberfloor.com.au/product/oakleaf-seashell-oak/,https://oztimberfloor.com.au/products/oakleaf-seashell-oak/,301,WordPress to static migration
https://oztimberfloor.com.au/product/oakleaf-nordic-oak/,https://oztimberfloor.com.au/products/oakleaf-nordic-oak/,301,WordPress to static migration
https://oztimberfloor.com.au/product/oakleaf-maritime/,https://oztimberfloor.com.au/products/oakleaf-maritime/,301,WordPress to static migration
https://oztimberfloor.com.au/product/oakleaf-imperial/,https://oztimberfloor.com.au/products/oakleaf-imperial/,301,WordPress to static migration
https://oztimberfloor.com.au/product/oakleaf-blackbutt/,https://oztimberfloor.com.au/products/oakleaf-blackbutt/,301,WordPress to static migration
https://oztimberfloor.com.au/product/oakleaf-aspen-oak/,https://oztimberfloor.com.au/products/oakleaf-aspen-oak/,301,WordPress to static migration
https://oztimberfloor.com.au/product/oakleaf-tawny-oak/,https://oztimberfloor.com.au/products/oakleaf-tawny-oak/,301,WordPress to static migration
https://oztimberfloor.com.au/product/oakleaf-spotted-gum/,https://oztimberfloor.com.au/products/oakleaf-spotted-gum/,301,WordPress to static migration
https://oztimberfloor.com.au/product/preference-classic-walnut/,https://oztimberfloor.com.au/products/preference-classic-walnut/,301,WordPress to static migration
https://oztimberfloor.com.au/product/preference-classic-spotted-gum/,https://oztimberfloor.com.au/products/preference-classic-spotted-gum/,301,WordPress to static migration
https://oztimberfloor.com.au/product/preference-classic-merbau/,https://oztimberfloor.com.au/products/preference-classic-merbau/,301,WordPress to static migration
https://oztimberfloor.com.au/product/preference-classic-euro-oak/,https://oztimberfloor.com.au/products/preference-classic-euro-oak/,301,WordPress to static migration
https://oztimberfloor.com.au/product/preference-classic-brush-box/,https://oztimberfloor.com.au/products/preference-classic-brush-box/,301,WordPress to static migration
https://oztimberfloor.com.au/product/preference-classic-brazillian-oak/,https://oztimberfloor.com.au/products/preference-classic-brazillian-oak/,301,WordPress to static migration
https://oztimberfloor.com.au/product/preference-classic-blackbutt/,https://oztimberfloor.com.au/products/preference-classic-blackbutt/,301,WordPress to static migration
https://oztimberfloor.com.au/product/preference-classic-antique-oak/,https://oztimberfloor.com.au/products/preference-classic-antique-oak/,301,WordPress to static migration
https://oztimberfloor.com.au/product/preference-classic-kempas/,https://oztimberfloor.com.au/products/preference-classic-kempas/,301,WordPress to static migration
https://oztimberfloor.com.au/product/swish-aquastop-oak-vermont/,https://oztimberfloor.com.au/products/swish-aquastop-oak-vermont/,301,WordPress to static migration
https://oztimberfloor.com.au/product/swish-aquastop-oak-paleno/,https://oztimberfloor.com.au/products/swish-aquastop-oak-paleno/,301,WordPress to static migration
https://oztimberfloor.com.au/product/swish-aquastop-oak-ostana/,https://oztimberfloor.com.au/products/swish-aquastop-oak-ostana/,301,WordPress to static migration
https://oztimberfloor.com.au/product/swish-aquastop-oak-nashville/,https://oztimberfloor.com.au/products/swish-aquastop-oak-nashville/,301,WordPress to static migration
https://oztimberfloor.com.au/product/swish-aquastop-oak-georgia/,https://oztimberfloor.com.au/products/swish-aquastop-oak-georgia/,301,WordPress to static migration
https://oztimberfloor.com.au/product/swish-aquastop-oak-fremont/,https://oztimberfloor.com.au/products/swish-aquastop-oak-fremont/,301,WordPress to static migration
https://oztimberfloor.com.au/product/swish-aquastop-oak-chelsea/,https://oztimberfloor.com.au/products/swish-aquastop-oak-chelsea/,301,WordPress to static migration
https://oztimberfloor.com.au/product/swish-aquastop-oak-amelia/,https://oztimberfloor.com.au/products/swish-aquastop-oak-amelia/,301,WordPress to static migration
https://oztimberfloor.com.au/product/swish-aquastop-oak-seattle/,https://oztimberfloor.com.au/products/swish-aquastop-oak-seattle/,301,WordPress to static migration
https://oztimberfloor.com.au/product/swish-aquastop-oak-colonial/,https://oztimberfloor.com.au/products/swish-aquastop-oak-colonial/,301,WordPress to static migration
https://oztimberfloor.com.au/product/swish-aquastop-spotted-gum/,https://oztimberfloor.com.au/products/swish-aquastop-spotted-gum/,301,WordPress to static migration
https://oztimberfloor.com.au/product/swish-aquastop-blackbutt/,https://oztimberfloor.com.au/products/swish-aquastop-blackbutt/,301,WordPress to static migration
https://oztimberfloor.com.au/product/reflections-catalyst/,https://oztimberfloor.com.au/products/reflections-catalyst/,301,WordPress to static migration
https://oztimberfloor.com.au/product/reflections-winsome/,https://oztimberfloor.com.au/products/reflections-winsome/,301,WordPress to static migration
https://oztimberfloor.com.au/product/reflections-spotted-gum/,https://oztimberfloor.com.au/products/reflections-spotted-gum/,301,WordPress to static migration
https://oztimberfloor.com.au/product/reflections-blacbutt/,https://oztimberfloor.com.au/products/reflections-blacbutt/,301,WordPress to static migration
https://oztimberfloor.com.au/product/ornato-hybrid-coastal-blackbutt/,https://oztimberfloor.com.au/products/ornato-hybrid-coastal-blackbutt/,301,WordPress to static migration
https://oztimberfloor.com.au/product/ornato-hybrid-cotton-oak/,https://oztimberfloor.com.au/products/ornato-hybrid-cotton-oak/,301,WordPress to static migration
https://oztimberfloor.com.au/product/ornato-hybrid-ebony/,https://oztimberfloor.com.au/products/ornato-hybrid-ebony/,301,WordPress to static migration
https://oztimberfloor.com.au/product/ornato-hybrid-oak-atlanta/,https://oztimberfloor.com.au/products/ornato-hybrid-oak-atlanta/,301,WordPress to static migration
https://oztimberfloor.com.au/product/ornato-hybrid-oak-saffron/,https://oztimberfloor.com.au/products/ornato-hybrid-oak-saffron/,301,WordPress to static migration
https://oztimberfloor.com.au/product/ornato-hybrid-oak-sofia/,https://oztimberfloor.com.au/products/ornato-hybrid-oak-sofia/,301,WordPress to static migration
https://oztimberfloor.com.au/product/ornato-hybrid-oak-titanium/,https://oztimberfloor.com.au/products/ornato-hybrid-oak-titanium/,301,WordPress to static migration
https://oztimberfloor.com.au/product/ornato-hybrid-pearl-grey/,https://oztimberfloor.com.au/products/ornato-hybrid-pearl-grey/,301,WordPress to static migration
https://oztimberfloor.com.au/product/ornato-hybrid-royal-oak/,https://oztimberfloor.com.au/products/ornato-hybrid-royal-oak/,301,WordPress to static migration
https://oztimberfloor.com.au/product/ornato-hybrid-seashell-white/,https://oztimberfloor.com.au/products/ornato-hybrid-seashell-white/,301,WordPress to static migration
https://oztimberfloor.com.au/product/ornato-hybrid-spotted-gum/,https://oztimberfloor.com.au/products/ornato-hybrid-spotted-gum/,301,WordPress to static migration
https://oztimberfloor.com.au/product/ornato-hybrid-walnut-brown/,https://oztimberfloor.com.au/products/ornato-hybrid-walnut-brown/,301,WordPress to static migration
https://oztimberfloor.com.au/product/grandoak-age-carbonised-oak/,https://oztimberfloor.com.au/products/grandoak-age-carbonised-oak/,301,WordPress to static migration
https://oztimberfloor.com.au/product/grandoak-black-forest/,https://oztimberfloor.com.au/products/grandoak-black-forest/,301,WordPress to static migration
https://oztimberfloor.com.au/product/grandoak-driftwood/,https://oztimberfloor.com.au/products/grandoak-driftwood/,301,WordPress to static migration
https://oztimberfloor.com.au/product/grandoak-french-grey/,https://oztimberfloor.com.au/products/grandoak-french-grey/,301,WordPress to static migration
https://oztimberfloor.com.au/product/grandoak-ghost-white/,https://oztimberfloor.com.au/products/grandoak-ghost-white/,301,WordPress to static migration
https://oztimberfloor.com.au/product/grandoak-natural-oak/,https://oztimberfloor.com.au/products/grandoak-natural-oak/,301,WordPress to static migration
https://oztimberfloor.com.au/product/grandoak-trio-smoked-oak/,https://oztimberfloor.com.au/products/grandoak-trio-smoked-oak/,301,WordPress to static migration
https://oztimberfloor.com.au/product/grandoak-white-smoked-oak/,https://oztimberfloor.com.au/products/grandoak-white-smoked-oak/,301,WordPress to static migration
https://oztimberfloor.com.au/product/grandoak-arctic-oak/,https://oztimberfloor.com.au/products/grandoak-arctic-oak/,301,WordPress to static migration
https://oztimberfloor.com.au/product/grandoak-mink-grey/,https://oztimberfloor.com.au/products/grandoak-mink-grey/,301,WordPress to static migration
https://oztimberfloor.com.au/product/grandoak-gunsynd-oak/,https://oztimberfloor.com.au/products/grandoak-gunsynd-oak/,301,WordPress to static migration
https://oztimberfloor.com.au/product/grandoak-moroccan-oak/,https://oztimberfloor.com.au/products/grandoak-moroccan-oak/,301,WordPress to static migration
https://oztimberfloor.com.au/product/grandoak-milano-oak/,https://oztimberfloor.com.au/products/grandoak-milano-oak/,301,WordPress to static migration
https://oztimberfloor.com.au/product/grandoak-canyon-oak/,https://oztimberfloor.com.au/products/grandoak-canyon-oak/,301,WordPress to static migration
https://oztimberfloor.com.au/product/grandoak-european-oak/,https://oztimberfloor.com.au/products/grandoak-european-oak/,301,WordPress to static migration
https://oztimberfloor.com.au/product/grandoak-limed-oak/,https://oztimberfloor.com.au/products/grandoak-limed-oak/,301,WordPress to static migration
https://oztimberfloor.com.au/product/grandoak-baliness-oak/,https://oztimberfloor.com.au/products/grandoak-baliness-oak/,301,WordPress to static migration
https://oztimberfloor.com.au/product/grandoak-burnt-oak/,https://oztimberfloor.com.au/products/grandoak-burnt-oak/,301,WordPress to static migration
https://oztimberfloor.com.au/product/grandoak-black-opal/,https://oztimberfloor.com.au/products/grandoak-black-opal/,301,WordPress to static migration
https://oztimberfloor.com.au/product/grandoak-uluru-oak/,https://oztimberfloor.com.au/products/grandoak-uluru-oak/,301,WordPress to static migration
https://oztimberfloor.com.au/product/grandoak-persian-oak/,https://oztimberfloor.com.au/products/grandoak-persian-oak/,301,WordPress to static migration
https://oztimberfloor.com.au/product/grandoak-desert-oak/,https://oztimberfloor.com.au/products/grandoak-desert-oak/,301,WordPress to static migration
https://oztimberfloor.com.au/product/easi-plank-antique/,https://oztimberfloor.com.au/products/easi-plank-antique/,301,WordPress to static migration
https://oztimberfloor.com.au/product/easi-plank-blackbutt/,https://oztimberfloor.com.au/products/easi-plank-blackbutt/,301,WordPress to static migration
https://oztimberfloor.com.au/product/easi-plank-brown-stone/,https://oztimberfloor.com.au/products/easi-plank-brown-stone/,301,WordPress to static migration
https://oztimberfloor.com.au/product/easi-plank-ironwood/,https://oztimberfloor.com.au/products/easi-plank-ironwood/,301,WordPress to static migration
https://oztimberfloor.com.au/product/easi-plank-jarrah/,https://oztimberfloor.com.au/products/easi-plank-jarrah/,301,WordPress to static migration
https://oztimberfloor.com.au/product/easi-plank-maize/,https://oztimberfloor.com.au/products/easi-plank-maize/,301,WordPress to static migration
https://oztimberfloor.com.au/product/easi-plank-pewter/,https://oztimberfloor.com.au/products/easi-plank-pewter/,301,WordPress to static migration
https://oztimberfloor.com.au/product/easi-plank-porcelain/,https://oztimberfloor.com.au/products/easi-plank-porcelain/,301,WordPress to static migration
https://oztimberfloor.com.au/product/easi-plank-red-stone/,https://oztimberfloor.com.au/products/easi-plank-red-stone/,301,WordPress to static migration
https://oztimberfloor.com.au/product/easi-plank-silver-grey/,https://oztimberfloor.com.au/products/easi-plank-silver-grey/,301,WordPress to static migration
https://oztimberfloor.com.au/product/easi-plank-smoked-spotted-gum/,https://oztimberfloor.com.au/products/easi-plank-smoked-spotted-gum/,301,WordPress to static migration
https://oztimberfloor.com.au/product/easi-plank-spotted-gum/,https://oztimberfloor.com.au/products/easi-plank-spotted-gum/,301,WordPress to static migration
https://oztimberfloor.com.au/product/easi-plank-wheat/,https://oztimberfloor.com.au/products/easi-plank-wheat/,301,WordPress to static migration
https://oztimberfloor.com.au/product/easi-plank-washed-coral/,https://oztimberfloor.com.au/products/easi-plank-washed-coral/,301,WordPress to static migration
https://oztimberfloor.com.au/product/hydroplank-bronx/,https://oztimberfloor.com.au/products/hydroplank-bronx/,301,WordPress to static migration
https://oztimberfloor.com.au/product/hydroplank-brooklyn/,https://oztimberfloor.com.au/products/hydroplank-brooklyn/,301,WordPress to static migration
https://oztimberfloor.com.au/product/hydroplank-chelsea/,https://oztimberfloor.com.au/products/hydroplank-chelsea/,301,WordPress to static migration
https://oztimberfloor.com.au/product/hydroplank-cooney-island/,https://oztimberfloor.com.au/products/hydroplank-cooney-island/,301,WordPress to static migration
https://oztimberfloor.com.au/product/hydroplank-hamptons/,https://oztimberfloor.com.au/products/hydroplank-hamptons/,301,WordPress to static migration
https://oztimberfloor.com.au/product/hydroplank-harlem/,https://oztimberfloor.com.au/products/hydroplank-harlem/,301,WordPress to static migration
https://oztimberfloor.com.au/product/hydroplank-midtown/,https://oztimberfloor.com.au/products/hydroplank-midtown/,301,WordPress to static migration
https://oztimberfloor.com.au/product/hydroplank-queens/,https://oztimberfloor.com.au/products/hydroplank-queens/,301,WordPress to static migration
https://oztimberfloor.com.au/product/hydroplank-soho/,https://oztimberfloor.com.au/products/hydroplank-soho/,301,WordPress to static migration
https://oztimberfloor.com.au/product/hydroplank-straten-island/,https://oztimberfloor.com.au/products/hydroplank-straten-island/,301,WordPress to static migration
https://oztimberfloor.com.au/product/australian-blackbutt/,https://oztimberfloor.com.au/products/australian-blackbutt/,301,WordPress to static migration
https://oztimberfloor.com.au/product/pacific-blackbutt/,https://oztimberfloor.com.au/products/pacific-blackbutt/,301,WordPress to static migration
https://oztimberfloor.com.au/product/australian-spotted-gum/,https://oztimberfloor.com.au/products/australian-spotted-gum/,301,WordPress to static migration
https://oztimberfloor.com.au/product/pacific-spotted-gum/,https://oztimberfloor.com.au/products/pacific-spotted-gum/,301,WordPress to static migration
https://oztimberfloor.com.au/product/kempas-natural/,https://oztimberfloor.com.au/products/kempas-natural/,301,WordPress to static migration
https://oztimberfloor.com.au/product/kempas-red-stain/,https://oztimberfloor.com.au/products/kempas-red-stain/,301,WordPress to static migration
https://oztimberfloor.com.au/product/grey-ironbark/,https://oztimberfloor.com.au/products/grey-ironbark/,301,WordPress to static migration
https://oztimberfloor.com.au/product/red-ironbark/,https://oztimberfloor.com.au/products/red-ironbark/,301,WordPress to static migration
https://oztimberfloor.com.au/product/jarrah/,https://oztimberfloor.com.au/products/jarrah/,301,WordPress to static migration
https://oztimberfloor.com.au/product/tasmanian-oak/,https://oztimberfloor.com.au/products/tasmanian-oak/,301,WordPress to static migration
https://oztimberfloor.com.au/product/jatoba-brazilian-cherry/,https://oztimberfloor.com.au/products/jatoba-brazilian-cherry/,301,WordPress to static migration
https://oztimberfloor.com.au/product/brushbox/,https://oztimberfloor.com.au/products/brushbox/,301,WordPress to static migration
https://oztimberfloor.com.au/product/red-river-gum/,https://oztimberfloor.com.au/products/red-river-gum/,301,WordPress to static migration
https://oztimberfloor.com.au/product/cumaru-brazilian-teak/,https://oztimberfloor.com.au/products/cumaru-brazilian-teak/,301,WordPress to static migration
https://oztimberfloor.com.au/product/kerangi-king-teak/,https://oztimberfloor.com.au/products/kerangi-king-teak/,301,WordPress to static migration
https://oztimberfloor.com.au/product/sydney-blue-gum/,https://oztimberfloor.com.au/products/sydney-blue-gum/,301,WordPress to static migration
https://oztimberfloor.com.au/product/stonewood-natural/,https://oztimberfloor.com.au/products/stonewood-natural/,301,WordPress to static migration
https://oztimberfloor.com.au/product/stonewood-coffee/,https://oztimberfloor.com.au/products/stonewood-coffee/,301,WordPress to static migration
https://oztimberfloor.com.au/product/stonewood-chocolate/,https://oztimberfloor.com.au/products/stonewood-chocolate/,301,WordPress to static migration
https://oztimberfloor.com.au/product/stonewood-kempas/,https://oztimberfloor.com.au/products/stonewood-kempas/,301,WordPress to static migration
https://oztimberfloor.com.au/product/stonewood-lime-grey/,https://oztimberfloor.com.au/products/stonewood-lime-grey/,301,WordPress to static migration
https://oztimberfloor.com.au/product/stonewood-red-mahogany/,https://oztimberfloor.com.au/products/stonewood-red-mahogany/,301,WordPress to static migration
https://oztimberfloor.com.au/product/stonewood-smoked-coffee/,https://oztimberfloor.com.au/products/stonewood-smoked-coffee/,301,WordPress to static migration
https://oztimberfloor.com.au/product/stonewood-soho/,https://oztimberfloor.com.au/products/stonewood-soho/,301,WordPress to static migration
https://oztimberfloor.com.au/product/verdura-natural/,https://oztimberfloor.com.au/products/verdura-natural/,301,WordPress to static migration
https://oztimberfloor.com.au/product/verdura-sandy/,https://oztimberfloor.com.au/products/verdura-sandy/,301,WordPress to static migration
https://oztimberfloor.com.au/product/verdura-coffee/,https://oztimberfloor.com.au/products/verdura-coffee/,301,WordPress to static migration
https://oztimberfloor.com.au/product/verdura-australiana/,https://oztimberfloor.com.au/products/verdura-australiana/,301,WordPress to static migration
https://oztimberfloor.com.au/product/verdura-brown-sugar/,https://oztimberfloor.com.au/products/verdura-brown-sugar/,301,WordPress to static migration
https://oztimberfloor.com.au/product/verdura-coral-reef/,https://oztimberfloor.com.au/products/verdura-coral-reef/,301,WordPress to static migration
https://oztimberfloor.com.au/product/verdura-french-bleed/,https://oztimberfloor.com.au/products/verdura-french-bleed/,301,WordPress to static migration
https://oztimberfloor.com.au/product/verdura-ghost-gum/,https://oztimberfloor.com.au/products/verdura-ghost-gum/,301,WordPress to static migration
https://oztimberfloor.com.au/product/verdura-rustic/,https://oztimberfloor.com.au/products/verdura-rustic/,301,WordPress to static migration
https://oztimberfloor.com.au/product/verdura-uluru/,https://oztimberfloor.com.au/products/verdura-uluru/,301,WordPress to static migration
https://oztimberfloor.com.au/product/verdura-outback/,https://oztimberfloor.com.au/products/verdura-outback/,301,WordPress to static migration
https://oztimberfloor.com.au/product/ornato-como/,https://oztimberfloor.com.au/products/ornato-como/,301,WordPress to static migration
https://oztimberfloor.com.au/product/ornato-florence/,https://oztimberfloor.com.au/products/ornato-florence/,301,WordPress to static migration
https://oztimberfloor.com.au/product/ornato-latina/,https://oztimberfloor.com.au/products/ornato-latina/,301,WordPress to static migration
https://oztimberfloor.com.au/product/ornato-le-mans/,https://oztimberfloor.com.au/products/ornato-le-mans/,301,WordPress to static migration
https://oztimberfloor.com.au/product/ornato-milan/,https://oztimberfloor.com.au/products/ornato-milan/,301,WordPress to static migration
https://oztimberfloor.com.au/product/ornato-morlaix/,https://oztimberfloor.com.au/products/ornato-morlaix/,301,WordPress to static migration
https://oztimberfloor.com.au/product/ornato-pau/,https://oztimberfloor.com.au/products/ornato-pau/,301,WordPress to static migration
https://oztimberfloor.com.au/product/ornato-rome/,https://oztimberfloor.com.au/products/ornato-rome/,301,WordPress to static migration
https://oztimberfloor.com.au/product/ornato-sienna/,https://oztimberfloor.com.au/products/ornato-sienna/,301,WordPress to static migration
https://oztimberfloor.com.au/product/ornato-tivoli/,https://oztimberfloor.com.au/products/ornato-tivoli/,301,WordPress to static migration
https://oztimberfloor.com.au/product/ornato-tuscany/,https://oztimberfloor.com.au/products/ornato-tuscany/,301,WordPress to static migration
https://oztimberfloor.com.au/product/ornato-umbrina/,https://oztimberfloor.com.au/products/ornato-umbrina/,301,WordPress to static migration
https://oztimberfloor.com.au/product/ornato-verneto/,https://oztimberfloor.com.au/products/ornato-verneto/,301,WordPress to static migration
https://oztimberfloor.com.au/product/ornato-verona/,https://oztimberfloor.com.au/products/ornato-verona/,301,WordPress to static migration
https://oztimberfloor.com.au/product/ornato-vichy/,https://oztimberfloor.com.au/products/ornato-vichy/,301,WordPress to static migration
https://oztimberfloor.com.au/product/ornato-vittoria/,https://oztimberfloor.com.au/products/ornato-vittoria/,301,WordPress to static migration
https://oztimberfloor.com.au/product/solid-raw-timber-blackbutt/,https://oztimberfloor.com.au/products/solid-raw-timber-blackbutt/,301,WordPress to static migration
https://oztimberfloor.com.au/product/solid-raw-timber-nsw-spotted-gum/,https://oztimberfloor.com.au/products/solid-raw-timber-nsw-spotted-gum/,301,WordPress to static migration
https://oztimberfloor.com.au/product/solid-raw-timber-brush-box/,https://oztimberfloor.com.au/products/solid-raw-timber-brush-box/,301,WordPress to static migration
https://oztimberfloor.com.au/product/solid-raw-timber-rose-gum/,https://oztimberfloor.com.au/products/solid-raw-timber-rose-gum/,301,WordPress to static migration
https://oztimberfloor.com.au/product/solid-raw-timber-sydney-blue-gum/,https://oztimberfloor.com.au/products/solid-raw-timber-sydney-blue-gum/,301,WordPress to static migration
https://oztimberfloor.com.au/product/solid-raw-timber-red-ironbark/,https://oztimberfloor.com.au/products/solid-raw-timber-red-ironbark/,301,WordPress to static migration
https://oztimberfloor.com.au/product/solid-raw-timber-american-white-oak/,https://oztimberfloor.com.au/products/solid-raw-timber-american-white-oak/,301,WordPress to static migration
https://oztimberfloor.com.au/product/solid-raw-timber-grey-ironbark/,https://oztimberfloor.com.au/products/solid-raw-timber-grey-ironbark/,301,WordPress to static migration
https://oztimberfloor.com.au/product/solid-raw-timber-tasmanian-oak/,https://oztimberfloor.com.au/products/solid-raw-timber-tasmanian-oak/,301,WordPress to static migration
https://oztimberfloor.com.au/product/solid-raw-timber-cypress-pine/,https://oztimberfloor.com.au/products/solid-raw-timber-cypress-pine/,301,WordPress to static migration
https://oztimberfloor.com.au/product/solid-raw-timber-southern-beech/,https://oztimberfloor.com.au/products/solid-raw-timber-southern-beech/,301,WordPress to static migration
https://oztimberfloor.com.au/product/solid-raw-timber-tallowwood/,https://oztimberfloor.com.au/products/solid-raw-timber-tallowwood/,301,WordPress to static migration
https://oztimberfloor.com.au/product/solid-raw-timber-turpentine/,https://oztimberfloor.com.au/products/solid-raw-timber-turpentine/,301,WordPress to static migration
https://oztimberfloor.com.au/product/solid-raw-timber-grey-box/,https://oztimberfloor.com.au/products/solid-raw-timber-grey-box/,301,WordPress to static migration
https://oztimberfloor.com.au/product/stone-floor-snow-white/,https://oztimberfloor.com.au/products/stone-floor-snow-white/,301,WordPress to static migration
https://oztimberfloor.com.au/product/stone-floor-crema/,https://oztimberfloor.com.au/products/stone-floor-crema/,301,WordPress to static migration
https://oztimberfloor.com.au/product/stone-floor-grigio/,https://oztimberfloor.com.au/products/stone-floor-grigio/,301,WordPress to static migration
https://oztimberfloor.com.au/product/stone-floor-charcoal/,https://oztimberfloor.com.au/products/stone-floor-charcoal/,301,WordPress to static migration
https://oztimberfloor.com.au/product/stone-floor-bianco-white/,https://oztimberfloor.com.au/products/stone-floor-bianco-white/,301,WordPress to static migration
https://oztimberfloor.com.au/product/stone-floor-jazz-white/,https://oztimberfloor.com.au/products/stone-floor-jazz-white/,301,WordPress to static migration
https://oztimberfloor.com.au/product/stone-floor-marvel-grey/,https://oztimberfloor.com.au/products/stone-floor-marvel-grey/,301,WordPress to static migration
https://oztimberfloor.com.au/product/stone-floor-platinum-stone-grey/,https://oztimberfloor.com.au/products/stone-floor-platinum-stone-grey/,301,WordPress to static migration
https://oztimberfloor.com.au/product/stone-floor-nero-black/,https://oztimberfloor.com.au/products/stone-floor-nero-black/,301,WordPress to static migration
https://oztimberfloor.com.au/product/stone-floor-white-wash/,https://oztimberfloor.com.au/products/stone-floor-white-wash/,301,WordPress to static migration
https://oztimberfloor.com.au/product/stone-floor-oak-beige/,https://oztimberfloor.com.au/products/stone-floor-oak-beige/,301,WordPress to static migration
https://oztimberfloor.com.au/product/stone-floor-storm-grey/,https://oztimberfloor.com.au/products/stone-floor-storm-grey/,301,WordPress to static migration
https://oztimberfloor.com.au/product/stone-floor-natural/,https://oztimberfloor.com.au/products/stone-floor-natural/,301,WordPress to static migration
https://oztimberfloor.com.au/product/stone-floor-jarrah/,https://oztimberfloor.com.au/products/stone-floor-jarrah/,301,WordPress to static migration
https://oztimberfloor.com.au/product/stone-floor-blackbutt/,https://oztimberfloor.com.au/products/stone-floor-blackbutt/,301,WordPress to static migration
https://oztimberfloor.com.au/product/stone-floor-spotted-gum/,https://oztimberfloor.com.au/products/stone-floor-spotted-gum/,301,WordPress to static migration
https://oztimberfloor.com.au/product/stone-floor-stone-oak/,https://oztimberfloor.com.au/products/stone-floor-stone-oak/,301,WordPress to static migration
https://oztimberfloor.com.au/product/stone-floor-antique/,https://oztimberfloor.com.au/products/stone-floor-antique/,301,WordPress to static migration
https://oztimberfloor.com.au/product/stone-floor-mink-grey/,https://oztimberfloor.com.au/products/stone-floor-mink-grey/,301,WordPress to static migration
https://oztimberfloor.com.au/product/infinite-blackbutt-semi-gloss/,https://oztimberfloor.com.au/products/infinite-blackbutt-semi-gloss/,301,WordPress to static migration
https://oztimberfloor.com.au/product/infinite-spotted-gum-semi-gloss/,https://oztimberfloor.com.au/products/infinite-spotted-gum-semi-gloss/,301,WordPress to static migration
https://oztimberfloor.com.au/product/infinite-blackbutt-matt/,https://oztimberfloor.com.au/products/infinite-blackbutt-matt/,301,WordPress to static migration
https://oztimberfloor.com.au/product/infinite-spotted-gum-matt/,https://oztimberfloor.com.au/products/infinite-spotted-gum-matt/,301,WordPress to static migration
https://oztimberfloor.com.au/product/infinite-brush-box/,https://oztimberfloor.com.au/products/infinite-brush-box/,301,WordPress to static migration
https://oztimberfloor.com.au/product/infinite-cypress-pine/,https://oztimberfloor.com.au/products/infinite-cypress-pine/,301,WordPress to static migration
https://oztimberfloor.com.au/product/infinite-antique-brass/,https://oztimberfloor.com.au/products/infinite-antique-brass/,301,WordPress to static migration
https://oztimberfloor.com.au/product/infinite-jarrah/,https://oztimberfloor.com.au/products/infinite-jarrah/,301,WordPress to static migration
https://oztimberfloor.com.au/product/infinite-barrnyard-grey/,https://oztimberfloor.com.au/products/infinite-barrnyard-grey/,301,WordPress to static migration
https://oztimberfloor.com.au/product/infinite-le-sands/,https://oztimberfloor.com.au/products/infinite-le-sands/,301,WordPress to static migration
https://oztimberfloor.com.au/product/infinite-silky-silver/,https://oztimberfloor.com.au/products/infinite-silky-silver/,301,WordPress to static migration
https://oztimberfloor.com.au/product/infinite-iron-grey/,https://oztimberfloor.com.au/products/infinite-iron-grey/,301,WordPress to static migration
https://oztimberfloor.com.au/product/infinite-moonlight/,https://oztimberfloor.com.au/products/infinite-moonlight/,301,WordPress to static migration
https://oztimberfloor.com.au/product/infinite-seashell/,https://oztimberfloor.com.au/products/infinite-seashell/,301,WordPress to static migration
https://oztimberfloor.com.au/product/infinite-aged-teak/,https://oztimberfloor.com.au/products/infinite-aged-teak/,301,WordPress to static migration
https://oztimberfloor.com.au/product/infinite-white-oak/,https://oztimberfloor.com.au/products/infinite-white-oak/,301,WordPress to static migration
https://oztimberfloor.com.au/product/prestige-oak-avola-natural/,https://oztimberfloor.com.au/products/prestige-oak-avola-natural/,301,WordPress to static migration
https://oztimberfloor.com.au/product/prestige-oak-chestnut/,https://oztimberfloor.com.au/products/prestige-oak-chestnut/,301,WordPress to static migration
https://oztimberfloor.com.au/product/prestige-oak-dark-brown/,https://oztimberfloor.com.au/products/prestige-oak-dark-brown/,301,WordPress to static migration
https://oztimberfloor.com.au/product/prestige-oak-ebony/,https://oztimberfloor.com.au/products/prestige-oak-ebony/,301,WordPress to static migration
https://oztimberfloor.com.au/product/prestige-oak-espresso/,https://oztimberfloor.com.au/products/prestige-oak-espresso/,301,WordPress to static migration
https://oztimberfloor.com.au/product/prestige-oak-grey-wash/,https://oztimberfloor.com.au/products/prestige-oak-grey-wash/,301,WordPress to static migration
https://oztimberfloor.com.au/product/prestige-oak-heritage-grey/,https://oztimberfloor.com.au/products/prestige-oak-heritage-grey/,301,WordPress to static migration
https://oztimberfloor.com.au/product/prestige-oak-iron-grey/,https://oztimberfloor.com.au/products/prestige-oak-iron-grey/,301,WordPress to static migration
https://oztimberfloor.com.au/product/prestige-oak-latte/,https://oztimberfloor.com.au/products/prestige-oak-latte/,301,WordPress to static migration
https://oztimberfloor.com.au/product/prestige-oak-limewash/,https://oztimberfloor.com.au/products/prestige-oak-limewash/,301,WordPress to static migration
https://oztimberfloor.com.au/product/prestige-oak-liquorice/,https://oztimberfloor.com.au/products/prestige-oak-liquorice/,301,WordPress to static migration
https://oztimberfloor.com.au/product/prestige-oak-marble/,https://oztimberfloor.com.au/products/prestige-oak-marble/,301,WordPress to static migration
https://oztimberfloor.com.au/product/prestige-oak-hex-grey/,https://oztimberfloor.com.au/products/prestige-oak-hex-grey/,301,WordPress to static migration
https://oztimberfloor.com.au/product/prestige-oak-castle-grey/,https://oztimberfloor.com.au/products/prestige-oak-castle-grey/,301,WordPress to static migration
https://oztimberfloor.com.au/product/prestige-oak-parana/,https://oztimberfloor.com.au/products/prestige-oak-parana/,301,WordPress to static migration
https://oztimberfloor.com.au/product/prestige-oak-storm/,https://oztimberfloor.com.au/products/prestige-oak-storm/,301,WordPress to static migration
https://oztimberfloor.com.au/product/prestige-oak-straw/,https://oztimberfloor.com.au/products/prestige-oak-straw/,301,WordPress to static migration
https://oztimberfloor.com.au/product/prestige-oak-tan/,https://oztimberfloor.com.au/products/prestige-oak-tan/,301,WordPress to static migration
https://oztimberfloor.com.au/product/prestige-oak-vanilla/,https://oztimberfloor.com.au/products/prestige-oak-vanilla/,301,WordPress to static migration
https://oztimberfloor.com.au/product/prestige-oak-white-sands/,https://oztimberfloor.com.au/products/prestige-oak-white-sands/,301,WordPress to static migration
https://oztimberfloor.com.au/product/prestige-oak-aged-oak/,https://oztimberfloor.com.au/products/prestige-oak-aged-oak/,301,WordPress to static migration
https://oztimberfloor.com.au/product/prestige-oak-black-fox/,https://oztimberfloor.com.au/products/prestige-oak-black-fox/,301,WordPress to static migration
https://oztimberfloor.com.au/product/prestige-oak-bleached-driftwood/,https://oztimberfloor.com.au/products/prestige-oak-bleached-driftwood/,301,WordPress to static migration
https://oztimberfloor.com.au/product/prestige-oak-cannes/,https://oztimberfloor.com.au/products/prestige-oak-cannes/,301,WordPress to static migration
https://oztimberfloor.com.au/product/prestige-oak-champagne/,https://oztimberfloor.com.au/products/prestige-oak-champagne/,301,WordPress to static migration
https://oztimberfloor.com.au/product/prestige-oak-chardonnay/,https://oztimberfloor.com.au/products/prestige-oak-chardonnay/,301,WordPress to static migration
https://oztimberfloor.com.au/product/prestige-oak-crema/,https://oztimberfloor.com.au/products/prestige-oak-crema/,301,WordPress to static migration
https://oztimberfloor.com.au/product/prestige-oak-derby-brown/,https://oztimberfloor.com.au/products/prestige-oak-derby-brown/,301,WordPress to static migration
https://oztimberfloor.com.au/product/prestige-oak-dover-grey/,https://oztimberfloor.com.au/products/prestige-oak-dover-grey/,301,WordPress to static migration
https://oztimberfloor.com.au/product/prestige-oak-french-brown/,https://oztimberfloor.com.au/products/prestige-oak-french-brown/,301,WordPress to static migration
https://oztimberfloor.com.au/product/prestige-oak-glacier/,https://oztimberfloor.com.au/products/prestige-oak-glacier/,301,WordPress to static migration
https://oztimberfloor.com.au/product/prestige-oak-grey-mist/,https://oztimberfloor.com.au/products/prestige-oak-grey-mist/,301,WordPress to static migration
https://oztimberfloor.com.au/product/prestige-oak-grigio/,https://oztimberfloor.com.au/products/prestige-oak-grigio/,301,WordPress to static migration
https://oztimberfloor.com.au/product/prestige-oak-merlot/,https://oztimberfloor.com.au/products/prestige-oak-merlot/,301,WordPress to static migration
https://oztimberfloor.com.au/product/prestige-oak-mink-grey/,https://oztimberfloor.com.au/products/prestige-oak-mink-grey/,301,WordPress to static migration
https://oztimberfloor.com.au/product/prestige-oak-moonlight/,https://oztimberfloor.com.au/products/prestige-oak-moonlight/,301,WordPress to static migration
https://oztimberfloor.com.au/product/prestige-oak-moscato/,https://oztimberfloor.com.au/products/prestige-oak-moscato/,301,WordPress to static migration
https://oztimberfloor.com.au/product/prestige-oak-semillon/,https://oztimberfloor.com.au/products/prestige-oak-semillon/,301,WordPress to static migration
https://oztimberfloor.com.au/product/prestige-oak-slate/,https://oztimberfloor.com.au/products/prestige-oak-slate/,301,WordPress to static migration
https://oztimberfloor.com.au/product/prestige-oak-tokay/,https://oztimberfloor.com.au/products/prestige-oak-tokay/,301,WordPress to static migration
https://oztimberfloor.com.au/product/prestige-oak-white-wash/,https://oztimberfloor.com.au/products/prestige-oak-white-wash/,301,WordPress to static migration
https://oztimberfloor.com.au/product/swish-blackbutt/,https://oztimberfloor.com.au/products/swish-blackbutt/,301,WordPress to static migration
https://oztimberfloor.com.au/product/swish-spotted-gum/,https://oztimberfloor.com.au/products/swish-spotted-gum/,301,WordPress to static migration
https://oztimberfloor.com.au/product/swish-oak-falaise/,https://oztimberfloor.com.au/products/swish-oak-falaise/,301,WordPress to static migration
https://oztimberfloor.com.au/product/swish-oak-koyoto/,https://oztimberfloor.com.au/products/swish-oak-koyoto/,301,WordPress to static migration
https://oztimberfloor.com.au/product/swish-oak-lille/,https://oztimberfloor.com.au/products/swish-oak-lille/,301,WordPress to static migration
https://oztimberfloor.com.au/product/swish-oak-messie/,https://oztimberfloor.com.au/products/swish-oak-messie/,301,WordPress to static migration
https://oztimberfloor.com.au/product/swish-oak-satriano/,https://oztimberfloor.com.au/products/swish-oak-satriano/,301,WordPress to static migration
https://oztimberfloor.com.au/product/swish-oak-texas/,https://oztimberfloor.com.au/products/swish-oak-texas/,301,WordPress to static migration
https://oztimberfloor.com.au/product/swish-oak-verona/,https://oztimberfloor.com.au/products/swish-oak-verona/,301,WordPress to static migration
https://oztimberfloor.com.au/product/storm-new-england-blackbutt/,https://oztimberfloor.com.au/products/storm-new-england-blackbutt/,301,WordPress to static migration
https://oztimberfloor.com.au/product/storm-nsw-spotted-gum/,https://oztimberfloor.com.au/products/storm-nsw-spotted-gum/,301,WordPress to static migration
https://oztimberfloor.com.au/product/storm-vienna-oak/,https://oztimberfloor.com.au/products/storm-vienna-oak/,301,WordPress to static migration
https://oztimberfloor.com.au/product/storm-oxford-oak/,https://oztimberfloor.com.au/products/storm-oxford-oak/,301,WordPress to static migration
https://oztimberfloor.com.au/product/storm-spotted-gum/,https://oztimberfloor.com.au/products/storm-spotted-gum/,301,WordPress to static migration
https://oztimberfloor.com.au/product/storm-vintage-evian-oak/,https://oztimberfloor.com.au/products/storm-vintage-evian-oak/,301,WordPress to static migration
https://oztimberfloor.com.au/product/storm-vintage-cambridge-oak/,https://oztimberfloor.com.au/products/storm-vintage-cambridge-oak/,301,WordPress to static migration
https://oztimberfloor.com.au/product/storm-loft-oak/,https://oztimberfloor.com.au/products/storm-loft-oak/,301,WordPress to static migration
https://oztimberfloor.com.au/product/storm-askada-grey-wash/,https://oztimberfloor.com.au/products/storm-askada-grey-wash/,301,WordPress to static migration
https://oztimberfloor.com.au/product/storm-modern-ice-grey/,https://oztimberfloor.com.au/products/storm-modern-ice-grey/,301,WordPress to static migration
https://oztimberfloor.com.au/product/storm-royal-white-oak/,https://oztimberfloor.com.au/products/storm-royal-white-oak/,301,WordPress to static migration
https://oztimberfloor.com.au/product/storm-coastal-blackbutt/,https://oztimberfloor.com.au/products/storm-coastal-blackbutt/,301,WordPress to static migration
https://oztimberfloor.com.au/product/kronoswiss-aquastop-rift/,https://oztimberfloor.com.au/products/kronoswiss-aquastop-rift/,301,WordPress to static migration
https://oztimberfloor.com.au/product/kronoswiss-aquastop-helsinki/,https://oztimberfloor.com.au/products/kronoswiss-aquastop-helsinki/,301,WordPress to static migration
https://oztimberfloor.com.au/product/kronoswiss-aquastop-zermatt-8mm/,https://oztimberfloor.com.au/products/kronoswiss-aquastop-zermatt-8mm/,301,WordPress to static migration
https://oztimberfloor.com.au/product/kronoswiss-aquastop-natural-oak-brown-8mm/,https://oztimberfloor.com.au/products/kronoswiss-aquastop-natural-oak-brown-8mm/,301,WordPress to static migration
https://oztimberfloor.com.au/product/kronoswiss-aquastop-spotted-gum-8mm/,https://oztimberfloor.com.au/products/kronoswiss-aquastop-spotted-gum-8mm/,301,WordPress to static migration
https://oztimberfloor.com.au/product/kronoswiss-aquastop-blackbutt-8mm/,https://oztimberfloor.com.au/products/kronoswiss-aquastop-blackbutt-8mm/,301,WordPress to static migration
https://oztimberfloor.com.au/product/kronoswiss-aquastop-leysin/,https://oztimberfloor.com.au/products/kronoswiss-aquastop-leysin/,301,WordPress to static migration
https://oztimberfloor.com.au/product/kronoswiss-aquastop-queens/,https://oztimberfloor.com.au/products/kronoswiss-aquastop-queens/,301,WordPress to static migration
https://oztimberfloor.com.au/product/kronoswiss-aquastop-natural-oak-brown/,https://oztimberfloor.com.au/products/kronoswiss-aquastop-natural-oak-brown/,301,WordPress to static migration
https://oztimberfloor.com.au/product/kronoswiss-aquastop-arosa/,https://oztimberfloor.com.au/products/kronoswiss-aquastop-arosa/,301,WordPress to static migration
https://oztimberfloor.com.au/product/kronoswiss-aquastop-interlaken/,https://oztimberfloor.com.au/products/kronoswiss-aquastop-interlaken/,301,WordPress to static migration
https://oztimberfloor.com.au/product/kronoswiss-aquastop-sand/,https://oztimberfloor.com.au/products/kronoswiss-aquastop-sand/,301,WordPress to static migration
https://oztimberfloor.com.au/product/kronoswiss-aquastop-tan/,https://oztimberfloor.com.au/products/kronoswiss-aquastop-tan/,301,WordPress to static migration
https://oztimberfloor.com.au/product/kronoswiss-aquastop-verbier/,https://oztimberfloor.com.au/products/kronoswiss-aquastop-verbier/,301,WordPress to static migration
https://oztimberfloor.com.au/product/kronoswiss-aquastop-zermatt/,https://oztimberfloor.com.au/products/kronoswiss-aquastop-zermatt/,301,WordPress to static migration
https://oztimberfloor.com.au/product/kronoswiss-aquastop-spotted-gum/,https://oztimberfloor.com.au/products/kronoswiss-aquastop-spotted-gum/,301,WordPress to static migration
https://oztimberfloor.com.au/product/kronoswiss-aquastop-blackbutt/,https://oztimberfloor.com.au/products/kronoswiss-aquastop-blackbutt/,301,WordPress to static migration
https://oztimberfloor.com.au/product/kronswiss-aquastop-platinum/,https://oztimberfloor.com.au/products/kronswiss-aquastop-platinum/,301,WordPress to static migration
https://oztimberfloor.com.au/product/kronswiss-aquastop-majestic-walnut/,https://oztimberfloor.com.au/products/kronswiss-aquastop-majestic-walnut/,301,WordPress to static migration
https://oztimberfloor.com.au/product/kronswiss-aquastop-brooklyn-oak/,https://oztimberfloor.com.au/products/kronswiss-aquastop-brooklyn-oak/,301,WordPress to static migration
https://oztimberfloor.com.au/product/kronswiss-aquastop-limed-oak/,https://oztimberfloor.com.au/products/kronswiss-aquastop-limed-oak/,301,WordPress to static migration
https://oztimberfloor.com.au/product/kronswiss-aquastop-dublin/,https://oztimberfloor.com.au/products/kronswiss-aquastop-dublin/,301,WordPress to static migration
https://oztimberfloor.com.au/product/kronswiss-aquastop-bourbon-oak/,https://oztimberfloor.com.au/products/kronswiss-aquastop-bourbon-oak/,301,WordPress to static migration
https://oztimberfloor.com.au/product/kronswiss-aquastop-natural-oak-grey/,https://oztimberfloor.com.au/products/kronswiss-aquastop-natural-oak-grey/,301,WordPress to static migration
https://oztimberfloor.com.au/product/kronswiss-aquastop-natural-oak-classic/,https://oztimberfloor.com.au/products/kronswiss-aquastop-natural-oak-classic/,301,WordPress to static migration
https://oztimberfloor.com.au/product/kronswiss-aquastop-lugano-oak/,https://oztimberfloor.com.au/products/kronswiss-aquastop-lugano-oak/,301,WordPress to static migration
https://oztimberfloor.com.au/product/kronswiss-aquastop-strassbourg/,https://oztimberfloor.com.au/products/kronswiss-aquastop-strassbourg/,301,WordPress to static migration
https://oztimberfloor.com.au/product/kronswiss-aquastop-montreux/,https://oztimberfloor.com.au/products/kronswiss-aquastop-montreux/,301,WordPress to static migration
https://oztimberfloor.com.au/product/kronswiss-aquastop-manhattan-oak/,https://oztimberfloor.com.au/products/kronswiss-aquastop-manhattan-oak/,301,WordPress to static migration
https://oztimberfloor.com.au/product/kronoswiss-aquastop-rock/,https://oztimberfloor.com.au/products/kronoswiss-aquastop-rock/,301,WordPress to static migration
https://oztimberfloor.com.au/product/kronoswiss-aquastop-snow/,https://oztimberfloor.com.au/products/kronoswiss-aquastop-snow/,301,WordPress to static migration
https://oztimberfloor.com.au/product/kronoswiss-aquastop-beach/,https://oztimberfloor.com.au/products/kronoswiss-aquastop-beach/,301,WordPress to static migration
https://oztimberfloor.com.au/product/kronoswiss-aquastop-sunshine/,https://oztimberfloor.com.au/products/kronoswiss-aquastop-sunshine/,301,WordPress to static migration
https://oztimberfloor.com.au/product/kronoswiss-aquastop-sunset/,https://oztimberfloor.com.au/products/kronoswiss-aquastop-sunset/,301,WordPress to static migration
https://oztimberfloor.com.au/product/kronoswiss-aquastop-moon/,https://oztimberfloor.com.au/products/kronoswiss-aquastop-moon/,301,WordPress to static migration
https://oztimberfloor.com.au/product/kronoswiss-aquastop-volcano/,https://oztimberfloor.com.au/products/kronoswiss-aquastop-volcano/,301,WordPress to static migration
https://oztimberfloor.com.au/product/kronoswiss-aquastop-terra/,https://oztimberfloor.com.au/products/kronoswiss-aquastop-terra/,301,WordPress to static migration
https://oztimberfloor.com.au/product/swish-oak-vienna/,https://oztimberfloor.com.au/products/swish-oak-vienna/,301,WordPress to static migration
https://oztimberfloor.com.au/product/artisan-calacatta/,https://oztimberfloor.com.au/products/artisan-calacatta/,301,WordPress to static migration
https://oztimberfloor.com.au/product/artisan-grigio/,https://oztimberfloor.com.au/products/artisan-grigio/,301,WordPress to static migration
https://oztimberfloor.com.au/product/artisan-monaco-brown/,https://oztimberfloor.com.au/products/artisan-monaco-brown/,301,WordPress to static migration
https://oztimberfloor.com.au/product/artisan-pietra-grey/,https://oztimberfloor.com.au/products/artisan-pietra-grey/,301,WordPress to static migration
https://oztimberfloor.com.au/product/artisan-dover-grey/,https://oztimberfloor.com.au/products/artisan-dover-grey/,301,WordPress to static migration
https://oztimberfloor.com.au/product/artisan-black-maquina/,https://oztimberfloor.com.au/products/artisan-black-maquina/,301,WordPress to static migration
https://oztimberfloor.com.au/product/artisan-crema-marfil/,https://oztimberfloor.com.au/products/artisan-crema-marfil/,301,WordPress to static migration
https://oztimberfloor.com.au/product/artisan-volcano/,https://oztimberfloor.com.au/products/artisan-volcano/,301,WordPress to static migration
https://oztimberfloor.com.au/product/swish-oak-nordic-spring/,https://oztimberfloor.com.au/products/swish-oak-nordic-spring/,301,WordPress to static migration
https://oztimberfloor.com.au/product/swish-oak-nordic-limed/,https://oztimberfloor.com.au/products/swish-oak-nordic-limed/,301,WordPress to static migration
https://oztimberfloor.com.au/product/swish-oak-odense-grey/,https://oztimberfloor.com.au/products/swish-oak-odense-grey/,301,WordPress to static migration
https://oztimberfloor.com.au/product/swish-oak-oyster-grey/,https://oztimberfloor.com.au/products/swish-oak-oyster-grey/,301,WordPress to static migration
https://oztimberfloor.com.au/product/swish-oak-raw-caramel/,https://oztimberfloor.com.au/products/swish-oak-raw-caramel/,301,WordPress to static migration
https://oztimberfloor.com.au/product/swish-oak-raw-leaf/,https://oztimberfloor.com.au/products/swish-oak-raw-leaf/,301,WordPress to static migration
https://oztimberfloor.com.au/product/swish-oak-ambient-sand/,https://oztimberfloor.com.au/products/swish-oak-ambient-sand/,301,WordPress to static migration
https://oztimberfloor.com.au/product/swish-oak-fiano-brown/,https://oztimberfloor.com.au/products/swish-oak-fiano-brown/,301,WordPress to static migration
https://oztimberfloor.com.au/product/swish-oak-oak-grey-harmony/,https://oztimberfloor.com.au/products/swish-oak-oak-grey-harmony/,301,WordPress to static migration
https://oztimberfloor.com.au/product/swish-oak-oak-dove-grey/,https://oztimberfloor.com.au/products/swish-oak-oak-dove-grey/,301,WordPress to static migration
https://oztimberfloor.com.au/product/swish-oak-french-natural/,https://oztimberfloor.com.au/products/swish-oak-french-natural/,301,WordPress to static migration
https://oztimberfloor.com.au/product/swish-oak-french-ghost/,https://oztimberfloor.com.au/products/swish-oak-french-ghost/,301,WordPress to static migration
https://oztimberfloor.com.au/product/swish-oak-french-carbon/,https://oztimberfloor.com.au/products/swish-oak-french-carbon/,301,WordPress to static migration
https://oztimberfloor.com.au/product/swish-oak-canyon-oak/,https://oztimberfloor.com.au/products/swish-oak-canyon-oak/,301,WordPress to static migration
https://oztimberfloor.com.au/product/swish-oak-danish-white/,https://oztimberfloor.com.au/products/swish-oak-danish-white/,301,WordPress to static migration
https://oztimberfloor.com.au/product/swish-oak-belfort-oak/,https://oztimberfloor.com.au/products/swish-oak-belfort-oak/,301,WordPress to static migration
https://oztimberfloor.com.au/product/artisan-madison/,https://oztimberfloor.com.au/products/artisan-madison/,301,WordPress to static migration
https://oztimberfloor.com.au/product/artisan-casper-white/,https://oztimberfloor.com.au/products/artisan-casper-white/,301,WordPress to static migration
https://oztimberfloor.com.au/product/artisan-jasper-grey/,https://oztimberfloor.com.au/products/artisan-jasper-grey/,301,WordPress to static migration
https://oztimberfloor.com.au/product/artisan-valley-beige/,https://oztimberfloor.com.au/products/artisan-valley-beige/,301,WordPress to static migration
https://oztimberfloor.com.au/product/pronto-portofino/,https://oztimberfloor.com.au/products/pronto-portofino/,301,WordPress to static migration
https://oztimberfloor.com.au/product/pronto-chesterfield/,https://oztimberfloor.com.au/products/pronto-chesterfield/,301,WordPress to static migration
https://oztimberfloor.com.au/product/pronto-washed-pebble/,https://oztimberfloor.com.au/products/pronto-washed-pebble/,301,WordPress to static migration
https://oztimberfloor.com.au/product/pronto-parchment/,https://oztimberfloor.com.au/products/pronto-parchment/,301,WordPress to static migration
https://oztimberfloor.com.au/product/pronto-dockside/,https://oztimberfloor.com.au/products/pronto-dockside/,301,WordPress to static migration
https://oztimberfloor.com.au/product/pronto-river-sand/,https://oztimberfloor.com.au/products/pronto-river-sand/,301,WordPress to static migration
https://oztimberfloor.com.au/product/pronto-welsh-slate/,https://oztimberfloor.com.au/products/pronto-welsh-slate/,301,WordPress to static migration
https://oztimberfloor.com.au/product/pronto-seafoam/,https://oztimberfloor.com.au/products/pronto-seafoam/,301,WordPress to static migration
https://oztimberfloor.com.au/product/pronto-herringbone-misty-cove/,https://oztimberfloor.com.au/products/pronto-herringbone-misty-cove/,301,WordPress to static migration
https://oztimberfloor.com.au/product/pronto-herringbone-parchment/,https://oztimberfloor.com.au/products/pronto-herringbone-parchment/,301,WordPress to static migration
https://oztimberfloor.com.au/product/pronto-herringbone-chesterfield/,https://oztimberfloor.com.au/products/pronto-herringbone-chesterfield/,301,WordPress to static migration
https://oztimberfloor.com.au/product/pronto-herringbone-seafoam/,https://oztimberfloor.com.au/products/pronto-herringbone-seafoam/,301,WordPress to static migration
https://oztimberfloor.com.au/product/pronto-herringbone-washed-pebble/,https://oztimberfloor.com.au/products/pronto-herringbone-washed-pebble/,301,WordPress to static migration
https://oztimberfloor.com.au/product/etf-hybrid-spc-9mm-spotted-gum/,https://oztimberfloor.com.au/products/etf-hybrid-spc-9mm-spotted-gum/,301,WordPress to static migration
https://oztimberfloor.com.au/product/etf-hybrid-spc-9mm-dexter-oak/,https://oztimberfloor.com.au/products/etf-hybrid-spc-9mm-dexter-oak/,301,WordPress to static migration
https://oztimberfloor.com.au/product/etf-hybrid-spc-9mm-driftwood/,https://oztimberfloor.com.au/products/etf-hybrid-spc-9mm-driftwood/,301,WordPress to static migration
https://oztimberfloor.com.au/product/etf-hybrid-spc-9mm-grey-oak/,https://oztimberfloor.com.au/products/etf-hybrid-spc-9mm-grey-oak/,301,WordPress to static migration
https://oztimberfloor.com.au/product/etf-hybrid-spc-9mm-oslo-oak-grey/,https://oztimberfloor.com.au/products/etf-hybrid-spc-9mm-oslo-oak-grey/,301,WordPress to static migration
https://oztimberfloor.com.au/product/etf-hybrid-spc-9mm-new-zealand-blackbutt/,https://oztimberfloor.com.au/products/etf-hybrid-spc-9mm-new-zealand-blackbutt/,301,WordPress to static migration
https://oztimberfloor.com.au/product/etf-hybrid-spc-9mm-helena-oak/,https://oztimberfloor.com.au/products/etf-hybrid-spc-9mm-helena-oak/,301,WordPress to static migration
https://oztimberfloor.com.au/product/stone-floor-charcoal-2/,https://oztimberfloor.com.au/products/stone-floor-charcoal-2/,301,WordPress to static migration
