url,range_name,page_h1,category,ctas
/ranges/artisan-hybrid-tile/,Artisan Tile,Artisan Tile flooring range,Hybrid,Supply price; Supply + install; Stock availability; Product question
/ranges/artisan-oak/,Artisan Oak,Artisan Oak flooring range,Engineered,Supply price; Supply + install; Stock availability; Product question
/ranges/aspire-classic-width/,Aspire Classic Width,Aspire Classic Width flooring range,Hybrid,Supply price; Supply + install; Stock availability; Product question
/ranges/aspire-hybrid/,Aspire Hybrid,Aspire Hybrid flooring enquiries in Sydney,,Supply price; Supply + install; Stock availability; Product question
/ranges/aspire-super-width/,Aspire Super Width,Aspire Super Width flooring range,Hybrid,Supply price; Supply + install; Stock availability; Product question
/ranges/australian-raw-hardwood-timber/,Australian Raw Hardwood Timber,Australian Raw Hardwood Timber flooring range,Solid,Supply price; Supply + install; Stock availability; Product question
/ranges/avala-hybrid-planks/,Avala,Avala flooring range,Hybrid,Supply price; Supply + install; Stock availability; Product question
/ranges/bass-aqua-wood-plus-12mm/,Aqua Wood Plus 12mm,Aqua Wood Plus 12mm flooring range,Laminate,Supply price; Supply + install; Stock availability; Product question
/ranges/bass-botanica-engineered/,Botanica,Botanica flooring range,Engineered timber,Supply price; Supply + install; Stock availability; Product question
/ranges/bass-coswick-hardwood/,Coswick Hardwood,Coswick Hardwood flooring range,Engineered timber,Supply price; Supply + install; Stock availability; Product question
/ranges/bass-luxury-hybrid-7mm/,Luxury Hybrid 7mm,Luxury Hybrid 7mm flooring range,Hybrid,Supply price; Supply + install; Stock availability; Product question
/ranges/bass-luxury-hybrid-8mm/,Luxury Hybrid 8mm,Luxury Hybrid 8mm flooring range,Hybrid,Supply price; Supply + install; Stock availability; Product question
/ranges/bass-luxury-hybrid-9mm/,Luxury Hybrid 9mm,Luxury Hybrid 9mm flooring range,Hybrid,Supply price; Supply + install; Stock availability; Product question
/ranges/bass-luxury-hybrid-plus-10mm/,Luxury Hybrid PLUS 10mm,Luxury Hybrid PLUS 10mm flooring range,Hybrid,Supply price; Supply + install; Stock availability; Product question
/ranges/bass-oak-step-plus/,Oak Step PLUS,Oak Step PLUS flooring range,Laminate,Supply price; Supply + install; Stock availability; Product question
/ranges/bass-oak-step/,Oak Step,Oak Step flooring range,Laminate,Supply price; Supply + install; Stock availability; Product question
/ranges/belle-vie-herringbone/,Belle Vie,Belle Vie flooring range,Hybrid,Supply price; Supply + install; Stock availability; Product question
/ranges/castel-nuovo-herringbone/,Castel Nuovo,Castel Nuovo flooring range,Engineered timber,Supply price; Supply + install; Stock availability; Product question
/ranges/cavallo-bianco-chevron/,Cavallo Bianco,Cavallo Bianco flooring range,Engineered timber,Supply price; Supply + install; Stock availability; Product question
/ranges/easi-plank/,Easi Plank,Easi Plank flooring range,Hybrid,Supply price; Supply + install; Stock availability; Product question
/ranges/eco-elite-6mm-hybrid/,Elite 6.0 Hybrid,Elite 6.0 Hybrid flooring range,Hybrid,Supply price; Supply + install; Stock availability; Product question
/ranges/eco-grande-7-5mm-hybrid/,Grande 7.5 Hybrid,Grande 7.5 Hybrid flooring range,Hybrid,Supply price; Supply + install; Stock availability; Product question
/ranges/eco-grande-9mm-hybrid/,Grande 9.0 Hybrid,Grande 9.0 Hybrid flooring range,Hybrid,Supply price; Supply + install; Stock availability; Product question
/ranges/eco-herringbone-7mm-hybrid/,Herringbone 7.0 Hybrid,Herringbone 7.0 Hybrid flooring range,Hybrid,Supply price; Supply + install; Stock availability; Product question
/ranges/eco-urban-6-5mm-hybrid/,Urban 6.5 Hybrid,Urban 6.5 Hybrid flooring range,Hybrid,Supply price; Supply + install; Stock availability; Product question
/ranges/eco-xxl-8mm-hybrid/,XXL 8.0 Hybrid,XXL 8.0 Hybrid flooring range,Hybrid,Supply price; Supply + install; Stock availability; Product question
/ranges/engineered-timber/,Engineered Timber,Engineered Timber flooring range,Engineered,Supply price; Supply + install; Stock availability; Product question
/ranges/etf-hybrid-spc-9mm/,ETF Hybrid SPC 9mm,ETF Hybrid SPC 9mm flooring range,Hybrid,Supply price; Supply + install; Stock availability; Product question
/ranges/grand-oak-14-5mm/,Grand Oak 14 5mm,Grand Oak 14 5mm flooring range,Engineered,Supply price; Supply + install; Stock availability; Product question
/ranges/grand-oak/,Grand Oak,Grand Oak flooring range,Engineered,Supply price; Supply + install; Stock availability; Product question
/ranges/hrt-1-5m-laminate/,HRT 1.5m Laminate,HRT 1.5m Laminate flooring range,Laminate,Supply price; Supply + install; Stock availability; Product question
/ranges/hrt-10mm-hybrid/,ETF 10mm Hybrid,ETF 10mm Hybrid flooring range,Hybrid,Supply price; Supply + install; Stock availability; Product question
/ranges/hrt-14mm-oak-flooring/,HRT 14mm Oak Flooring,HRT 14mm Oak Flooring flooring range,Engineered timber,Supply price; Supply + install; Stock availability; Product question
/ranges/hrt-15mm-oak-flooring/,HRT 15mm Oak Flooring,HRT 15mm Oak Flooring flooring range,Engineered timber,Supply price; Supply + install; Stock availability; Product question
/ranges/hrt-6-5mm-hybrid/,ETF 6.5mm Hybrid,ETF 6.5mm Hybrid flooring range,Hybrid,Supply price; Supply + install; Stock availability; Product question
/ranges/hrt-72hr-water-resistant-laminate/,HRT 72hr Water Resistant Laminate,HRT 72hr Water Resistant Laminate flooring range,Laminate,Supply price; Supply + install; Stock availability; Product question
/ranges/hrt-9-5mm-hybrid/,ETF 9.5mm Hybrid,ETF 9.5mm Hybrid flooring range,Hybrid,Supply price; Supply + install; Stock availability; Product question
/ranges/hrt-aquatuff-flooring/,AquaTuff Flooring,AquaTuff Flooring flooring range,Hybrid,Supply price; Supply + install; Stock availability; Product question
/ranges/hrt-australian-engineered/,HRT Australian Engineered,HRT Australian Engineered flooring range,Engineered timber,Supply price; Supply + install; Stock availability; Product question
/ranges/hrt-etf-12mm-water-resistant-laminate/,ETF 12mm Laminate,ETF 12mm Laminate flooring range,Laminate,Supply price; Supply + install; Stock availability; Product question
/ranges/hrt-etf-7mm-waterproof-hybrid/,ETF 7.0mm Hybrid,ETF 7.0mm Hybrid flooring range,Hybrid,Supply price; Supply + install; Stock availability; Product question
/ranges/hrt-etf-8mm-waterproof-hybrid/,ETF 8.0mm Hybrid,ETF 8.0mm Hybrid flooring range,Hybrid,Supply price; Supply + install; Stock availability; Product question
/ranges/hrt-etf-9mm-waterproof-hybrid/,ETF 9.0mm Hybrid,ETF 9.0mm Hybrid flooring range,Hybrid,Supply price; Supply + install; Stock availability; Product question
/ranges/hrt-hybrid-herringbone/,HRT Hybrid Herringbone,HRT Hybrid Herringbone flooring range,Hybrid,Supply price; Supply + install; Stock availability; Product question
/ranges/hrt-oak-chevron/,HRT Oak Chevron,HRT Oak Chevron flooring range,Engineered timber,Supply price; Supply + install; Stock availability; Product question
/ranges/hrt-oak-herringbone/,HRT Oak Herringbone,HRT Oak Herringbone flooring range,Engineered timber,Supply price; Supply + install; Stock availability; Product question
/ranges/hrt-solid-timber/,HRT Solid Timber,HRT Solid Timber flooring range,Solid timber,Supply price; Supply + install; Stock availability; Product question
/ranges/hybrid/,Hybrid,Hybrid flooring range,Hybrid,Supply price; Supply + install; Stock availability; Product question
/ranges/hydroplank-wpc/,Hydroplank WPC,Hydroplank WPC flooring range,Hybrid,Supply price; Supply + install; Stock availability; Product question
/ranges/infinite-laminate/,Infinite Laminate,Infinite Laminate flooring range,Laminate,Supply price; Supply + install; Stock availability; Product question
/ranges/kronoswiss-aquastop-laminate-12mm/,Kronoswiss Aquastop Laminate 12mm,Kronoswiss Aquastop Laminate 12mm flooring range,Laminate,Supply price; Supply + install; Stock availability; Product question
/ranges/kronoswiss-aquastop-laminate-14mm/,Kronoswiss Aquastop Laminate 14mm,Kronoswiss Aquastop Laminate 14mm flooring range,Laminate,Supply price; Supply + install; Stock availability; Product question
/ranges/kronoswiss-aquastop-laminate-8mm/,Kronoswiss Aquastop Laminate 8mm,Kronoswiss Aquastop Laminate 8mm flooring range,Laminate,Supply price; Supply + install; Stock availability; Product question
/ranges/kronoswiss-aquastop/,Kronoswiss Aquastop,Kronoswiss Aquastop flooring enquiries in Sydney,Laminate flooring range,Supply price; Supply + install; Stock availability; Product question
/ranges/laminate/,Laminate,Laminate flooring range,Laminate,Supply price; Supply + install; Stock availability; Product question
/ranges/lavanda-oak/,Lavanda Oak,Lavanda Oak flooring range,Engineered timber,Supply price; Supply + install; Stock availability; Product question
/ranges/lumiere-ultra-hd-hybrid-plank/,Lumiere Ultra HD,Lumiere Ultra HD flooring range,Hybrid,Supply price; Supply + install; Stock availability; Product question
/ranges/luxury-hybrid/,Luxury Hybrid,Luxury Hybrid flooring range,Hybrid,Supply price; Supply + install; Stock availability; Product question
/ranges/oak-flooring-sydney/,Oak Flooring Sydney,Oak Flooring Sydney flooring enquiries in Sydney,Oak flooring range,Supply price; Supply + install; Stock availability; Product question
/ranges/oakleaf-laminate/,Oakleaf Laminate,Oakleaf Laminate flooring range,Laminate,Supply price; Supply + install; Stock availability; Product question
/ranges/ornato-hybrid/,Ornato Hybrid,Ornato Hybrid flooring range,Hybrid,Supply price; Supply + install; Stock availability; Product question
/ranges/ornato-vinyl/,Ornato Vinyl,Ornato Vinyl flooring range,Vinyl,Supply price; Supply + install; Stock availability; Product question
/ranges/pantora-amor-collection/,Pantora Amor,Pantora Amor flooring range,Laminate,Supply price; Supply + install; Stock availability; Product question
/ranges/pantora-lifestyle-collection/,Pantora Lifestyle,Pantora Lifestyle flooring range,Laminate,Supply price; Supply + install; Stock availability; Product question
/ranges/preference-classic-laminate/,Preference Classic Laminate,Preference Classic Laminate flooring range,Laminate,Supply price; Supply + install; Stock availability; Product question
/ranges/preference-fiddleback/,Preference Fiddleback,Preference Fiddleback flooring range,Engineered,Supply price; Supply + install; Stock availability; Product question
/ranges/preference-select-australian-timber/,Preference Select Australian Timber,Preference Select Australian Timber flooring range,Engineered,Supply price; Supply + install; Stock availability; Product question
/ranges/prestige-oak-15mm/,Prestige Oak 15mm,Prestige Oak 15mm flooring range,Engineered,Supply price; Supply + install; Stock availability; Product question
/ranges/prestige-oak-21mm/,Prestige Oak 21mm,Prestige Oak 21mm flooring range,Engineered,Supply price; Supply + install; Stock availability; Product question
/ranges/prestige-oak/,Prestige Oak,Prestige Oak flooring enquiries in Sydney,Engineered oak range,Supply price; Supply + install; Stock availability; Product question
/ranges/prime-contemporary-plus-edition/,Prime Contemporary Plus,Prime Contemporary Plus flooring range,Laminate,Supply price; Supply + install; Stock availability; Product question
/ranges/prime-deluxe-edition/,Prime Deluxe,Prime Deluxe flooring range,Laminate,Supply price; Supply + install; Stock availability; Product question
/ranges/prime-legend-collection/,Prime Legend,Prime Legend flooring range,Laminate,Supply price; Supply + install; Stock availability; Product question
/ranges/prime-luxury-edition/,Prime Luxury,Prime Luxury flooring range,Laminate,Supply price; Supply + install; Stock availability; Product question
/ranges/project-oak/,Project Oak,Project Oak flooring range,Engineered timber,Supply price; Supply + install; Stock availability; Product question
/ranges/pronto-engineered-oak/,Pronto Engineered Oak,Pronto Engineered Oak flooring range,Engineered,Supply price; Supply + install; Stock availability; Product question
/ranges/pronto/,Pronto,Pronto flooring enquiries in Sydney,Engineered oak range,Supply price; Supply + install; Stock availability; Product question
/ranges/raw-timber/,Raw Timber,Raw Timber flooring enquiries in Sydney,Australian raw hardwood range,Supply price; Supply + install; Stock availability; Product question
/ranges/reflections-laminate/,Reflections Laminate,Reflections Laminate flooring range,Laminate,Supply price; Supply + install; Stock availability; Product question
/ranges/select-australian-timber/,Select Australian Timber,Select Australian Timber flooring enquiries in Sydney,Australian timber range,Supply price; Supply + install; Stock availability; Product question
/ranges/solid-timber/,Solid Timber,Solid Timber flooring range,Solid,Supply price; Supply + install; Stock availability; Product question
/ranges/stone-floor-marble/,Stone Floor Marble,Stone Floor Marble flooring range,Hybrid,Supply price; Supply + install; Stock availability; Product question
/ranges/stone-floor-tile/,Stone Floor Tile,Stone Floor Tile flooring range,Hybrid,Supply price; Supply + install; Stock availability; Product question
/ranges/stone-floor-timber/,Stone Floor Timber,Stone Floor Timber flooring range,Hybrid,Supply price; Supply + install; Stock availability; Product question
/ranges/storm-luxury-hybrid-planks/,Storm Luxury,Storm Luxury flooring range,Hybrid,Supply price; Supply + install; Stock availability; Product question
/ranges/swish-aquastop-laminate/,Swish Aquastop Laminate,Swish Aquastop Laminate flooring range,Laminate,Supply price; Supply + install; Stock availability; Product question
/ranges/swish-aquastop/,Swish Aquastop,Swish Aquastop flooring enquiries in Sydney,Laminate flooring range,Supply price; Supply + install; Stock availability; Product question
/ranges/swish-laminate-aqua/,Swish Laminate Aqua,Swish Laminate Aqua flooring range,Laminate,Supply price; Supply + install; Stock availability; Product question
/ranges/swish-laminate-classic/,Swish Laminate,Swish Laminate flooring range,Laminate,Supply price; Supply + install; Stock availability; Product question
/ranges/swish-laminate/,Swish Laminate,Swish Laminate flooring range,Laminate,Supply price; Supply + install; Stock availability; Product question
/ranges/swish-oak-contemporary/,Swish Oak Contemporary,Swish Oak Contemporary flooring range,Engineered timber,Supply price; Supply + install; Stock availability; Product question
/ranges/swish-oak-natura-handcrafted/,Swish Oak Natura Handcrafted,Swish Oak Natura Handcrafted flooring range,Engineered timber,Supply price; Supply + install; Stock availability; Product question
/ranges/swish-oak-natura-herringbone/,Swish Oak Natura Herringbone,Swish Oak Natura Herringbone flooring range,Engineered timber,Supply price; Supply + install; Stock availability; Product question
/ranges/swish-oak-natura/,Swish Oak Natura,Swish Oak Natura flooring range,Engineered timber,Supply price; Supply + install; Stock availability; Product question
/ranges/swish-oak-wideboard/,Swish Oak Wideboard,Swish Oak Wideboard flooring range,Engineered timber,Supply price; Supply + install; Stock availability; Product question
/ranges/swish-oak/,Swish Oak,Swish Oak flooring range,Engineered,Supply price; Supply + install; Stock availability; Product question
/ranges/topdeck-pre-finished-solid-timber/,Pre-Finished Solid Timber,Pre-Finished Solid Timber flooring range,Solid timber,Supply price; Supply + install; Stock availability; Product question
/ranges/topdeck-raw-solid-timber/,Raw Solid Timber,Raw Solid Timber flooring range,Solid timber,Supply price; Supply + install; Stock availability; Product question
/ranges/villeroy-boch-aquastop-10mm/,Villeroy & Boch Aquastop 10mm,Villeroy & Boch Aquastop 10mm flooring range,Laminate,Supply price; Supply + install; Stock availability; Product question
/ranges/villeroy-boch-aquastop-12mm/,Villeroy & Boch Aquastop 12mm,Villeroy & Boch Aquastop 12mm flooring range,Laminate,Supply price; Supply + install; Stock availability; Product question
/ranges/villeroy-boch-aquastop-8mm/,Villeroy & Boch Aquastop 8mm,Villeroy & Boch Aquastop 8mm flooring range,Laminate,Supply price; Supply + install; Stock availability; Product question
/ranges/villeroy-boch-aquastop/,Villeroy & Boch Aquastop,Villeroy & Boch Aquastop flooring enquiries in Sydney,Laminate flooring range,Supply price; Supply + install; Stock availability; Product question
/ranges/villeroy-boch-contemporary-laminate/,Villeroy & Boch Contemporary,Villeroy & Boch Contemporary flooring range,Laminate,Supply price; Supply + install; Stock availability; Product question
/ranges/villeroy-boch-cosmopolitan-laminate/,Villeroy & Boch Cosmopolitan,Villeroy & Boch Cosmopolitan flooring range,Laminate,Supply price; Supply + install; Stock availability; Product question
/ranges/villeroy-boch-country-laminate/,Villeroy & Boch Country,Villeroy & Boch Country flooring range,Laminate,Supply price; Supply + install; Stock availability; Product question
/ranges/villeroy-boch-heritage-laminate/,Villeroy & Boch Heritage,Villeroy & Boch Heritage flooring range,Laminate,Supply price; Supply + install; Stock availability; Product question
/ranges/vinyl/,Vinyl,Vinyl flooring range,Vinyl,Supply price; Supply + install; Stock availability; Product question
/ranges/wooden-land-australian-species-136mm/,Wooden-Land Australian Species 136mm,Wooden-Land Australian Species 136mm flooring range,Engineered timber,Supply price; Supply + install; Stock availability; Product question
/ranges/wooden-land-australian-species-190mm/,Wooden-Land Australian Species 190mm,Wooden-Land Australian Species 190mm flooring range,Engineered timber,Supply price; Supply + install; Stock availability; Product question
/ranges/wooden-land-foreign-species/,Wooden-Land Foreign Species,Wooden-Land Foreign Species flooring range,Engineered timber,Supply price; Supply + install; Stock availability; Product question
/ranges/wooden-land-herringbone/,Wooden-Land Herringbone,Wooden-Land Herringbone flooring range,Engineered timber,Supply price; Supply + install; Stock availability; Product question
