Linking page,Last crawled
https://www.localelinkup.com/mauriconnect-car-rental-ltd,2026-04-19
https://flixpress.com/choosing-the-right-flooring-for-busy-households/,2026-03-27
https://intently.co/suppliers/Australia/Sydney/Flooring Supply,2026-03-24
https://www.deviantart.com/lucasowen/art/Premium-Hardwood-Timber-Flooring-in-Sydney-1151895271,2026-03-03
https://www.local.com.au/flooring/nsw/liberty-grove,2026-03-01
https://nerdbot.com/2024/05/02/how-wood-warping-impacts-timber-flooring-options/,2026-02-26
https://www.local.com.au/flooring/nsw/abbotsford,2026-02-21
https://www.local.com.au/flooring/nsw/bankstown-north,2026-02-21
https://www.local.com.au/flooring/nsw/berala,2026-02-21
https://www.local.com.au/flooring/nsw/melrose-park,2026-02-21
https://www.local.com.au/flooring/nsw/putney,2026-02-21
https://www.local.com.au/flooring/nsw/wareemba,2026-02-21
https://www.local.com.au/flooring/nsw/cabarita,2026-02-20
https://www.local.com.au/flooring/nsw/canada-bay,2026-02-20
https://www.local.com.au/flooring/nsw/concord,2026-02-20
https://www.local.com.au/flooring/nsw/mortlake,2026-02-20
https://contractorlistshq.com/b2b-database/country/australia/list-of-wood-floor-installation-services-in-new-south-wales,2026-02-01
https://www.directso.com.au/cabramatta/service/oz-timber-floor,2026-01-20
https://bizdirectory.com.au/6475904287189222823/,2026-01-19
https://www.local.com.au/flooring/nsw/chullora,2026-01-07
https://indiapropertyexpert.com/the-ultimate-guide-to-floor-refinishing-and-restoration-in-sydney/,2025-12-31
https://marketgit.com/commercial-timber-flooring-where-and-why-its-used/,2025-12-31
https://www.bignewsnetwork.com/news/278784423/timber-flooring-installation-sydney-what-to-expect,2025-12-31
https://rocketreach.co/oz-timber-floor-profile_b76f4ab8c53dc8ed,2025-12-16
https://www.globalbusinesslisting.org/mauriconnect-car-rental-ltd,2025-12-03
https://www.mapquest.com/au/new-south-wales/oz-timber-floor-795243558,2025-11-21
https://www.mylifegb.com/australia/cabramatta/professional-services/oz-timber-floor,2025-11-21
https://www.mapquest.com/au/new-south-wales/oz-timber-floor-795286285,2025-11-15
https://www.justsecretarialjobs.com.au/contemporary-sydney-timber-flooring/,2025-11-09
https://reviews.birdeye.com/oz-timber-floor-156094750290888,2025-11-02
https://mail.flokii.com/businesses/view/118282/oz-timber-floor,2025-08-16
https://www.zoominfo.com/c/oz-timber-floor/426344310,2025-07-24
https://home-hearted.com/what-to-think-about-before-redoing-your-floors/,2025-03-24
https://instavipbio.net/top-tips-for-choosing-the-right-flooring-for-your-home/,2025-01-11
https://tracxn.com/d/companies/oz-timber-floor/__9c14iKL0UuAu0SSNX77y8jRDzKdFU3npnUHkfB442WQ,2024-12-19
https://mrjonespub.com/category/interior-exterior-developments/,2024-08-25
https://www.local.com.au/flooring/nsw/homebush,2024-07-08
https://disruptmagazine.com/the-intricate-art-of-wood-grain-in-timber-flooring/,2024-05-02
https://claynews.net/sydneys-solid-timber-floor-frameworks-exploring-household-charm-and-durability/,2024-05-01
https://corgibatmobile.com/2018/11/,2024-02-05
https://corgibatmobile.com/category/construction-building/,2022-06-02
https://mrjonespub.com/page/3/,2022-04-03
https://mrjonespub.com/2018/02/,2018-12-07