Target page,Internal links
https://oztimberfloor.com.au/,481
https://oztimberfloor.com.au/product-category/laminate/villeroy-boch-aquastop-10mm/,342
https://oztimberfloor.com.au/bamboo/,341
https://oztimberfloor.com.au/product-category/laminate/infinite-laminate/,341
https://oztimberfloor.com.au/product-category/laminate/kronoswiss-aquastop-laminate-12mm/,341
https://oztimberfloor.com.au/product-category/laminate/kronoswiss-aquastop-laminate-14mm/,341
https://oztimberfloor.com.au/product-category/laminate/reflections-laminate/,341
https://oztimberfloor.com.au/product-category/laminate/swish-laminate/,341
https://oztimberfloor.com.au/product-category/laminate/villeroy-boch-aquastop-8mm/,341
https://oztimberfloor.com.au/product-category/vinyl/ornato-vinyl/,341
https://oztimberfloor.com.au/product-category/engineered-timber/artisan-oak/,340
https://oztimberfloor.com.au/product-category/engineered-timber/grand-oak-14-5mm/,340
https://oztimberfloor.com.au/product-category/engineered-timber/prestige-oak-15mm/,340
https://oztimberfloor.com.au/product-category/engineered-timber/prestige-oak-21mm/,340
https://oztimberfloor.com.au/product-category/engineered-timber/prestige-oak/,340
https://oztimberfloor.com.au/product-category/hybrid/hydroplank-wpc/,340
https://oztimberfloor.com.au/product-category/hybrid/ornato-hybrid/,340
https://oztimberfloor.com.au/product-category/hybrid/stone-floor-timber/,340
https://oztimberfloor.com.au/timber-floor-sanding-and-polishing/,340
https://oztimberfloor.com.au/product-category/laminate/kronoswiss-aquastop-laminate-8mm/,339
https://oztimberfloor.com.au/product-category/laminate/oakleaf-laminate/,339
https://oztimberfloor.com.au/solid-timber/,339
https://oztimberfloor.com.au/blogs/,338
https://oztimberfloor.com.au/faqs/,338
https://oztimberfloor.com.au/office-flooring/,338
https://oztimberfloor.com.au/product-category/engineered-timber/preference-fiddleback/,338
https://oztimberfloor.com.au/product-category/engineered-timber/swish-oak/,338
https://oztimberfloor.com.au/product-category/hybrid/aspire-super-width/,338
https://oztimberfloor.com.au/product-category/hybrid/storm-luxury-hybrid-planks/,338
https://oztimberfloor.com.au/sitemap/,338
https://oztimberfloor.com.au/timber-floor-installation/,338
https://oztimberfloor.com.au/timber-floor-removal-and-stripping/,338
https://oztimberfloor.com.au/vinyl/,338
https://oztimberfloor.com.au/commercial-flooring/,337
https://oztimberfloor.com.au/contact-us/,337
https://oztimberfloor.com.au/hybrid/,337
https://oztimberfloor.com.au/laminate/,337
https://oztimberfloor.com.au/product-category/engineered-timber/preference-select-australian-timber/,337
https://oztimberfloor.com.au/product-category/hybrid/stone-floor-marble/,337
https://oztimberfloor.com.au/product-category/solid-timber/australian-raw-hardwood-timber/,337
https://oztimberfloor.com.au/product-category/laminate/preference-classic-laminate/,336
https://oztimberfloor.com.au/product-category/laminate/swish-aquastop-laminate/,336
https://oztimberfloor.com.au/product-category/laminate/villeroy-boch-aquastop-12mm/,336
https://oztimberfloor.com.au/about-us/,335
https://oztimberfloor.com.au/floor-levelling/,335
https://oztimberfloor.com.au/product-category/engineered-timber/pronto-engineered-oak/,335
https://oztimberfloor.com.au/product-category/hybrid/artisan-hybrid-tile/,335
https://oztimberfloor.com.au/product-category/hybrid/aspire-classic-width/,335
https://oztimberfloor.com.au/product-category/hybrid/etf-hybrid-spc-9mm/,335
https://oztimberfloor.com.au/product-category/hybrid/luxury-hybrid/,335
https://oztimberfloor.com.au/product-category/solid-timber/topdeck-pre-finished-solid-timber/,335
https://oztimberfloor.com.au/services/,335
https://oztimberfloor.com.au/product-category/hybrid/easi-plank/,334
https://oztimberfloor.com.au/product-category/hybrid/stone-floor-tile/,334
https://oztimberfloor.com.au/engineered-timber-flooring/,277
https://oztimberfloor.com.au/product-category/hybrid/,86
https://oztimberfloor.com.au/product-category/engineered-timber/,72
https://oztimberfloor.com.au/product-category/solid-timber/,28
https://oztimberfloor.com.au/product-category/vinyl/,10
https://oztimberfloor.com.au/product-category/bamboo/,9
https://oztimberfloor.com.au/product/etf-hybrid-spc-9mm-driftwood/,5
https://oztimberfloor.com.au/product/tasmanian-oak/,5
https://oztimberfloor.com.au/product/solid-raw-timber-american-white-oak/,4
https://oztimberfloor.com.au/product/solid-raw-timber-cypress-pine/,4
https://oztimberfloor.com.au/product/solid-raw-timber-tasmanian-oak/,4
https://oztimberfloor.com.au/product/etf-hybrid-spc-9mm-new-zealand-blackbutt/,3
https://oztimberfloor.com.au/product/kempas-red-stain/,3
https://oztimberfloor.com.au/product/reflections-blacbutt/,3
https://oztimberfloor.com.au/kronoswiss-aquastop/,2
https://oztimberfloor.com.au/product/solid-raw-timber-blackbutt/,2
https://oztimberfloor.com.au/product/solid-raw-timber-nsw-spotted-gum/,2
https://oztimberfloor.com.au/product/stone-floor-white-wash/,2
https://oztimberfloor.com.au/169-2/,1
https://oztimberfloor.com.au/product/verdura-french-bleed/,1